hospital_code,hospital_name,date_month,triage_cat,emergency_attendances,median_waiting_min,color_code,number_within_time,percent_within_time,number_not_wait,percent_not_wait,number_inbed,percent_inbed,empty,number_inbed_within_4,percent_inbed_within_4
1,Mater Hospital Brisbane Public,2022-12-01,ALL,2,0.0,1,2,100.0,0,0.0,0,0.0,-,0,
4,The Prince Charles Hospital,2022-12-01,ALL,8251,21.0,1,6006,75.0,177,2.0,1280,16.0,-,768,60.0
11,Princess Alexandra Hospital,2022-12-01,ALL,62,5.0,1,2,67.0,0,0.0,0,0.0,-,0,
15,Ipswich Hospital,2022-12-01,ALL,4006,16.0,1,2721,69.0,78,2.0,1289,32.0,-,829,64.0
16,Redcliffe Hospital,2022-12-01,ALL,2739,27.0,2,1515,60.0,215,8.0,362,13.0,-,92,25.0
22,Queen Elizabeth II Jubilee Hospital,2022-12-01,ALL,918,22.0,1,536,61.0,40,4.0,14,2.0,-,9,64.0
28,Redland Hospital,2022-12-01,ALL,3189,12.0,1,2381,76.0,58,2.0,460,14.0,-,264,57.0
29,Logan Hospital,2022-12-01,ALL,6452,14.0,1,4826,76.0,79,1.0,1985,31.0,-,1218,61.0
30,Caboolture Hospital,2022-12-01,ALL,3051,18.0,1,2179,74.0,64,2.0,395,13.0,-,91,23.0
32,Sunshine Coast University Hospital,2022-12-01,ALL,4896,17.0,1,3566,74.0,75,2.0,1604,33.0,-,856,53.0
41,Beaudesert Hospital,2022-12-01,ALL,953,9.0,1,838,92.0,36,4.0,4,0.0,-,1,25.0
42,Boonah Hospital,2022-12-01,ALL,180,0.0,1,172,99.0,2,1.0,2,1.0,-,2,100.0
43,Caloundra Hospital,2022-12-01,ALL,1645,44.0,3,971,65.0,63,4.0,0,0.0,-,0,
44,Esk Hospital,2022-12-01,ALL,132,0.0,1,125,97.0,3,2.0,0,0.0,-,0,
45,Gatton Hospital,2022-12-01,ALL,535,8.0,1,451,90.0,15,3.0,1,0.0,-,1,100.0
46,Kilcoy Hospital,2022-12-01,ALL,167,0.0,1,153,93.0,2,1.0,6,4.0,-,5,83.0
47,Laidley Hospital,2022-12-01,ALL,363,0.0,1,324,95.0,14,4.0,2,1.0,-,2,100.0
48,Maleny Hospital,2022-12-01,ALL,203,5.5,1,183,92.0,2,1.0,0,0.0,-,0,
49,Nambour Hospital,2022-12-01,ALL,1243,12.0,1,1107,90.0,9,1.0,180,14.0,-,154,86.0
61,Biggenden Hospital,2022-12-01,ALL,57,0.0,1,56,100.0,1,2.0,2,4.0,-,2,100.0
62,Bundaberg Hospital,2022-12-01,ALL,2090,36.0,3,944,49.0,149,7.0,344,16.0,-,114,33.0
63,Cherbourg Hospital,2022-12-01,ALL,393,11.0,1,323,94.0,38,10.0,13,3.0,-,11,85.0
64,Childers Hospital,2022-12-01,ALL,124,0.0,1,116,97.0,5,4.0,3,2.0,-,3,100.0
65,Eidsvold Hospital,2022-12-01,ALL,33,0.0,1,33,100.0,0,0.0,2,6.0,-,2,100.0
66,Gayndah Hospital,2022-12-01,ALL,65,0.0,1,65,100.0,0,0.0,2,3.0,-,2,100.0
67,Gin Gin Hospital,2022-12-01,ALL,130,10.0,1,113,90.0,5,4.0,5,4.0,-,5,100.0
68,Gympie Hospital,2022-12-01,ALL,1672,20.0,1,1153,73.0,80,5.0,168,10.0,-,82,49.0
69,Hervey Bay Hospital,2022-12-01,ALL,1740,27.0,2,947,60.0,136,8.0,268,15.0,-,87,32.0
70,Kingaroy Hospital,2022-12-01,ALL,872,29.0,2,503,63.0,57,7.0,63,7.0,-,31,49.0
71,Maryborough Hospital,2022-12-01,ALL,992,31.0,3,492,56.0,102,10.0,4,0.0,-,1,25.0
72,Monto Hospital,2022-12-01,ALL,66,0.0,1,64,98.0,0,0.0,7,11.0,-,7,100.0
74,Mundubbera Hospital,2022-12-01,ALL,33,0.0,1,33,100.0,0,0.0,4,12.0,-,4,100.0
75,Murgon Hospital,2022-12-01,ALL,182,9.0,1,155,94.0,11,6.0,7,4.0,-,7,100.0
76,Nanango Hospital,2022-12-01,ALL,85,2.5,1,82,100.0,2,2.0,1,1.0,-,1,100.0
91,Chinchilla Hospital,2022-12-01,ALL,466,1.0,1,428,97.0,7,2.0,28,6.0,-,26,93.0
92,Dalby Hospital,2022-12-01,ALL,792,30.0,2,460,63.0,50,6.0,74,9.0,-,68,92.0
93,Goondiwindi Hospital,2022-12-01,ALL,474,0.0,1,426,97.0,18,4.0,43,9.0,-,30,70.0
95,Jandowae Hospital,2022-12-01,ALL,63,0.0,1,63,100.0,0,0.0,7,11.0,-,6,86.0
97,Miles Hospital,2022-12-01,ALL,131,5.0,1,116,98.0,0,0.0,11,8.0,-,11,100.0
98,Millmerran Hospital,2022-12-01,ALL,100,3.0,1,88,96.0,0,0.0,2,2.0,-,1,50.0
99,Oakey Hospital,2022-12-01,ALL,175,3.0,1,163,97.0,3,2.0,1,1.0,-,0,0.0
100,Stanthorpe Hospital,2022-12-01,ALL,322,4.0,1,282,94.0,13,4.0,28,9.0,-,22,79.0
101,Tara Hospital,2022-12-01,ALL,153,0.0,1,142,99.0,0,0.0,7,5.0,-,6,86.0
102,Taroom Hospital,2022-12-01,ALL,77,0.0,1,71,100.0,0,0.0,5,6.0,-,5,100.0
103,Texas Hospital,2022-12-01,ALL,56,2.0,1,48,98.0,0,0.0,0,0.0,-,0,
104,Toowoomba Hospital,2022-12-01,ALL,3057,23.0,2,1744,60.0,157,5.0,593,19.0,-,216,36.0
105,Warwick Hospital,2022-12-01,ALL,929,30.0,2,520,61.0,61,7.0,56,6.0,-,38,68.0
106,Wandoan Hospital,2022-12-01,ALL,21,0.0,1,14,100.0,0,0.0,0,0.0,-,0,
112,Charleville Hospital,2022-12-01,ALL,241,0.0,1,229,100.0,6,2.0,24,10.0,-,19,79.0
113,Cunnamulla Hospital,2022-12-01,ALL,116,0.0,1,113,100.0,2,2.0,6,5.0,-,5,83.0
114,Dirranbandi Hospital,2022-12-01,ALL,29,0.0,1,28,100.0,0,0.0,4,14.0,-,2,50.0
116,Mitchell Hospital,2022-12-01,ALL,63,0.0,1,58,100.0,0,0.0,5,8.0,-,5,100.0
117,Mungindi Hospital,2022-12-01,ALL,31,0.0,1,28,97.0,0,0.0,1,3.0,-,1,100.0
118,Quilpie Hospital,2022-12-01,ALL,45,0.0,1,41,100.0,1,2.0,4,9.0,-,4,100.0
119,Roma Hospital,2022-12-01,ALL,542,11.0,1,495,96.0,21,4.0,35,6.0,-,17,49.0
120,St George Hospital,2022-12-01,ALL,262,1.0,1,254,100.0,1,0.0,24,9.0,-,24,100.0
121,Surat Hospital,2022-12-01,ALL,51,0.0,1,48,100.0,0,0.0,1,2.0,-,0,0.0
133,Biloela Hospital,2022-12-01,ALL,316,9.0,1,260,87.0,10,3.0,21,7.0,-,19,90.0
134,Blackwater Hospital,2022-12-01,ALL,257,0.0,1,243,97.0,4,2.0,5,2.0,-,3,60.0
135,Emerald Hospital,2022-12-01,ALL,900,25.0,2,535,67.0,71,8.0,94,10.0,-,77,82.0
136,Gladstone Hospital,2022-12-01,ALL,2014,15.0,1,1612,85.0,108,5.0,148,7.0,-,35,24.0
139,Mount Morgan Hospital,2022-12-01,ALL,122,0.0,1,107,100.0,1,1.0,1,1.0,-,0,0.0
140,Moura Hospital,2022-12-01,ALL,106,0.0,1,95,100.0,4,4.0,10,9.0,-,10,100.0
141,Rockhampton Hospital,2022-12-01,ALL,2696,25.0,2,1494,60.0,132,5.0,418,16.0,-,121,29.0
142,Springsure Hospital,2022-12-01,ALL,84,0.0,1,75,99.0,0,0.0,0,0.0,-,0,
144,Capricorn Coast Hospital,2022-12-01,ALL,987,16.0,1,705,78.0,65,7.0,1,0.0,-,0,0.0
145,Woorabinda Hospital,2022-12-01,ALL,272,0.0,1,268,99.0,2,1.0,1,0.0,-,1,100.0
152,Barcaldine Hospital,2022-12-01,ALL,111,0.0,1,108,100.0,0,0.0,9,8.0,-,9,100.0
153,Blackall Hospital,2022-12-01,ALL,61,0.0,1,61,100.0,0,0.0,5,8.0,-,5,100.0
156,Longreach Hospital,2022-12-01,ALL,218,4.0,1,199,97.0,4,2.0,11,5.0,-,8,73.0
159,Winton Hospital,2022-12-01,ALL,36,0.0,1,34,94.0,0,0.0,3,8.0,-,3,100.0
171,Clermont Hospital,2022-12-01,ALL,203,0.0,1,178,95.0,5,2.0,18,9.0,-,16,89.0
172,Mackay Base Hospital,2022-12-01,ALL,2458,15.0,1,2039,87.0,95,4.0,416,17.0,-,93,22.0
173,Moranbah Hospital,2022-12-01,ALL,334,0.0,1,312,99.0,3,1.0,9,3.0,-,9,100.0
174,Proserpine Hospital,2022-12-01,ALL,938,13.0,1,797,88.0,24,3.0,50,5.0,-,18,36.0
175,Sarina Hospital,2022-12-01,ALL,291,9.0,1,262,95.0,3,1.0,0,0.0,-,0,
176,Dysart Hospital,2022-12-01,ALL,114,1.0,1,108,96.0,1,1.0,7,6.0,-,7,100.0
191,Ayr Hospital,2022-12-01,ALL,751,0.0,1,699,97.0,16,2.0,21,3.0,-,16,76.0
192,Bowen Hospital,2022-12-01,ALL,587,1.0,1,487,93.0,33,6.0,18,3.0,-,4,22.0
193,Charters Towers Hospital,2022-12-01,ALL,460,6.0,1,426,96.0,16,3.0,17,4.0,-,15,88.0
196,Ingham Hospital,2022-12-01,ALL,358,5.0,1,311,93.0,14,4.0,25,7.0,-,20,80.0
197,Joyce Palmer Health Service,2022-12-01,ALL,404,1.0,1,376,99.0,21,5.0,34,8.0,-,33,97.0
200,Townsville University Hospital,2022-12-01,ALL,4741,14.0,1,3740,81.0,124,3.0,663,14.0,-,273,41.0
201,Royal Brisbane & Women's Hospital,2022-12-01,ALL,118,17.0,1,84,74.0,1,1.0,12,10.0,-,8,67.0
202,Queensland Children's Hospital,2022-12-01,ALL,17590,12.0,1,13997,83.0,372,2.0,4283,24.0,-,1796,42.0
211,Atherton Hospital,2022-12-01,ALL,729,36.0,3,382,58.0,65,9.0,39,5.0,-,12,31.0
212,Babinda Hospital,2022-12-01,ALL,142,0.0,1,134,99.0,4,3.0,3,2.0,-,2,67.0
213,Bamaga Hospital,2022-12-01,ALL,422,18.0,1,346,90.0,15,4.0,34,8.0,-,33,97.0
214,Cairns Hospital,2022-12-01,ALL,3918,16.0,1,2828,75.0,145,4.0,673,17.0,-,190,28.0
216,Cooktown Hospital,2022-12-01,ALL,334,10.5,1,294,92.0,10,3.0,44,13.0,-,41,93.0
222,Innisfail Hospital,2022-12-01,ALL,777,29.5,2,424,64.0,92,12.0,82,11.0,-,38,46.0
223,Mareeba Hospital,2022-12-01,ALL,1003,17.0,1,818,85.0,17,2.0,25,2.0,-,14,56.0
224,Mossman Hospital,2022-12-01,ALL,522,34.0,3,285,63.0,39,7.0,18,3.0,-,7,39.0
226,Thursday Island Hospital,2022-12-01,ALL,341,5.0,1,303,98.0,6,2.0,40,12.0,-,31,78.0
227,Tully Hospital,2022-12-01,ALL,457,0.0,1,379,90.0,16,4.0,14,3.0,-,5,36.0
228,Weipa Hospital,2022-12-01,ALL,494,27.5,2,335,75.0,28,6.0,50,10.0,-,47,94.0
243,Cloncurry Hospital,2022-12-01,ALL,240,9.0,1,221,97.0,6,3.0,16,7.0,-,14,88.0
245,Julia Creek Hospital,2022-12-01,ALL,33,0.0,1,29,100.0,0,0.0,0,0.0,-,0,
246,Mount Isa Base Hospital,2022-12-01,ALL,1587,16.0,1,1228,81.0,34,2.0,191,12.0,-,94,49.0
247,Normanton Hospital,2022-12-01,ALL,186,0.0,1,170,99.0,6,3.0,21,11.0,-,20,95.0
249,Mornington Island Hospital,2022-12-01,ALL,226,0.0,1,212,100.0,1,0.0,6,3.0,-,6,100.0
252,Doomadgee Hospital,2022-12-01,ALL,689,6.0,1,551,95.0,55,8.0,17,2.0,-,16,94.0
934,Robina Hospital,2022-12-01,ALL,1983,16.0,1,1353,72.0,108,5.0,167,8.0,-,134,80.0
936,Gold Coast University Hospital,2022-12-01,ALL,6996,13.0,1,4863,73.0,330,5.0,1722,25.0,-,817,47.0
99999,Queensland,2022-12-01,ALL,114323,15.0,1,83763,77.0,3964,3.0,18898,17.0,-,9277,49.0
1,Mater Hospital Brisbane Public,2022-09-01,ALL,2,0.0,1,1,100.0,1,50.0,0,0.0,-,0,
4,The Prince Charles Hospital,2022-09-01,ALL,9224,28.0,2,5772,65.0,332,4.0,1279,14.0,-,675,53.0
11,Princess Alexandra Hospital,2022-09-01,ALL,74,13.0,1,18,82.0,0,0.0,0,0.0,-,0,
15,Ipswich Hospital,2022-09-01,ALL,4820,30.0,2,2211,47.0,133,3.0,1487,31.0,-,722,49.0
16,Redcliffe Hospital,2022-09-01,ALL,3172,25.0,2,1833,62.0,217,7.0,445,14.0,-,88,20.0
22,Queen Elizabeth II Jubilee Hospital,2022-09-01,ALL,1019,27.0,2,560,58.0,47,5.0,13,1.0,-,5,38.0
28,Redland Hospital,2022-09-01,ALL,3627,17.0,1,2232,64.0,130,4.0,574,16.0,-,228,40.0
29,Logan Hospital,2022-09-01,ALL,7438,17.0,1,4767,66.0,199,3.0,2174,29.0,-,1125,52.0
30,Caboolture Hospital,2022-09-01,ALL,3325,22.0,1,1989,63.0,131,4.0,465,14.0,-,85,18.0
32,Sunshine Coast University Hospital,2022-09-01,ALL,5120,17.0,1,3803,75.0,65,1.0,1422,28.0,-,816,57.0
41,Beaudesert Hospital,2022-09-01,ALL,1021,8.0,1,902,92.0,35,3.0,1,0.0,-,0,0.0
42,Boonah Hospital,2022-09-01,ALL,211,0.0,1,205,99.0,1,0.0,2,1.0,-,1,50.0
43,Caloundra Hospital,2022-09-01,ALL,1377,26.0,2,982,79.0,42,3.0,0,0.0,-,0,
44,Esk Hospital,2022-09-01,ALL,101,0.0,1,98,99.0,0,0.0,0,0.0,-,0,
45,Gatton Hospital,2022-09-01,ALL,508,10.0,1,436,90.0,13,3.0,1,0.0,-,1,100.0
46,Kilcoy Hospital,2022-09-01,ALL,157,0.0,1,139,94.0,2,1.0,1,1.0,-,0,0.0
47,Laidley Hospital,2022-09-01,ALL,387,0.0,1,334,93.0,22,6.0,1,0.0,-,1,100.0
48,Maleny Hospital,2022-09-01,ALL,215,10.0,1,193,94.0,2,1.0,0,0.0,-,0,
49,Nambour Hospital,2022-09-01,ALL,1328,13.0,1,1083,84.0,25,2.0,159,12.0,-,132,83.0
61,Biggenden Hospital,2022-09-01,ALL,51,0.0,1,51,100.0,0,0.0,5,10.0,-,4,80.0
62,Bundaberg Hospital,2022-09-01,ALL,2110,44.0,3,776,40.0,158,7.0,316,15.0,-,69,22.0
63,Cherbourg Hospital,2022-09-01,ALL,380,9.0,1,317,93.0,23,6.0,20,5.0,-,16,80.0
64,Childers Hospital,2022-09-01,ALL,115,0.0,1,110,97.0,2,2.0,0,0.0,-,0,
65,Eidsvold Hospital,2022-09-01,ALL,25,0.0,1,25,100.0,0,0.0,3,12.0,-,3,100.0
66,Gayndah Hospital,2022-09-01,ALL,81,0.0,1,80,100.0,1,1.0,9,11.0,-,9,100.0
67,Gin Gin Hospital,2022-09-01,ALL,135,5.0,1,126,95.0,3,2.0,6,4.0,-,6,100.0
68,Gympie Hospital,2022-09-01,ALL,1569,21.0,1,1014,68.0,72,5.0,120,8.0,-,64,53.0
69,Hervey Bay Hospital,2022-09-01,ALL,1626,30.0,2,811,56.0,160,10.0,251,15.0,-,71,28.0
70,Kingaroy Hospital,2022-09-01,ALL,913,43.0,3,416,52.0,97,11.0,63,7.0,-,20,32.0
71,Maryborough Hospital,2022-09-01,ALL,1038,41.0,3,477,51.0,72,7.0,0,0.0,-,0,
72,Monto Hospital,2022-09-01,ALL,48,0.0,1,45,98.0,0,0.0,2,4.0,-,2,100.0
74,Mundubbera Hospital,2022-09-01,ALL,39,0.0,1,39,100.0,0,0.0,2,5.0,-,2,100.0
75,Murgon Hospital,2022-09-01,ALL,149,10.0,1,132,94.0,4,3.0,7,5.0,-,6,86.0
76,Nanango Hospital,2022-09-01,ALL,140,6.0,1,113,88.0,5,4.0,1,1.0,-,1,100.0
91,Chinchilla Hospital,2022-09-01,ALL,413,1.0,1,376,98.0,6,1.0,28,7.0,-,27,96.0
92,Dalby Hospital,2022-09-01,ALL,796,36.0,3,393,55.0,70,9.0,84,11.0,-,67,80.0
93,Goondiwindi Hospital,2022-09-01,ALL,484,0.0,1,448,98.0,16,3.0,27,6.0,-,26,96.0
95,Jandowae Hospital,2022-09-01,ALL,56,0.0,1,54,96.0,0,0.0,1,2.0,-,1,100.0
97,Miles Hospital,2022-09-01,ALL,113,2.0,1,97,96.0,1,1.0,9,8.0,-,8,89.0
98,Millmerran Hospital,2022-09-01,ALL,116,2.0,1,110,100.0,2,2.0,5,4.0,-,5,100.0
99,Oakey Hospital,2022-09-01,ALL,150,5.0,1,141,95.0,0,0.0,0,0.0,-,0,
100,Stanthorpe Hospital,2022-09-01,ALL,284,6.0,1,248,94.0,6,2.0,16,6.0,-,11,69.0
101,Tara Hospital,2022-09-01,ALL,165,0.0,1,151,99.0,0,0.0,7,4.0,-,6,86.0
102,Taroom Hospital,2022-09-01,ALL,91,0.0,1,81,100.0,0,0.0,8,9.0,-,8,100.0
103,Texas Hospital,2022-09-01,ALL,56,0.0,1,52,96.0,0,0.0,1,2.0,-,1,100.0
104,Toowoomba Hospital,2022-09-01,ALL,3183,24.0,2,1834,60.0,139,4.0,585,18.0,-,188,32.0
105,Warwick Hospital,2022-09-01,ALL,955,21.0,1,637,71.0,45,5.0,55,6.0,-,26,47.0
106,Wandoan Hospital,2022-09-01,ALL,12,0.0,1,10,100.0,0,0.0,0,0.0,-,0,
112,Charleville Hospital,2022-09-01,ALL,248,0.0,1,234,100.0,6,2.0,17,7.0,-,16,94.0
113,Cunnamulla Hospital,2022-09-01,ALL,74,0.0,1,69,100.0,2,3.0,8,11.0,-,8,100.0
114,Dirranbandi Hospital,2022-09-01,ALL,56,0.0,1,49,100.0,1,2.0,4,7.0,-,4,100.0
116,Mitchell Hospital,2022-09-01,ALL,58,0.0,1,54,100.0,3,5.0,3,5.0,-,3,100.0
117,Mungindi Hospital,2022-09-01,ALL,53,0.0,1,51,100.0,0,0.0,3,6.0,-,3,100.0
118,Quilpie Hospital,2022-09-01,ALL,60,0.0,1,55,100.0,1,2.0,0,0.0,-,0,
119,Roma Hospital,2022-09-01,ALL,572,10.0,1,518,96.0,18,3.0,40,7.0,-,21,53.0
120,St George Hospital,2022-09-01,ALL,226,1.0,1,220,100.0,2,1.0,20,9.0,-,20,100.0
121,Surat Hospital,2022-09-01,ALL,39,2.0,1,38,100.0,0,0.0,1,3.0,-,1,100.0
133,Biloela Hospital,2022-09-01,ALL,351,9.0,1,289,89.0,7,2.0,26,7.0,-,22,85.0
134,Blackwater Hospital,2022-09-01,ALL,289,0.0,1,284,99.0,3,1.0,10,3.0,-,6,60.0
135,Emerald Hospital,2022-09-01,ALL,1043,24.0,2,639,67.0,68,7.0,93,9.0,-,79,85.0
136,Gladstone Hospital,2022-09-01,ALL,2206,15.0,1,1786,84.0,75,3.0,165,7.0,-,37,22.0
139,Mount Morgan Hospital,2022-09-01,ALL,172,0.0,1,156,95.0,0,0.0,1,1.0,-,1,100.0
140,Moura Hospital,2022-09-01,ALL,123,0.0,1,109,97.0,1,1.0,8,7.0,-,6,75.0
141,Rockhampton Hospital,2022-09-01,ALL,2772,23.0,2,1630,64.0,134,5.0,427,15.0,-,119,28.0
142,Springsure Hospital,2022-09-01,ALL,63,0.0,1,55,100.0,2,3.0,1,2.0,-,1,100.0
144,Capricorn Coast Hospital,2022-09-01,ALL,915,19.0,1,592,70.0,52,6.0,0,0.0,-,0,
145,Woorabinda Hospital,2022-09-01,ALL,303,0.0,1,296,99.0,1,0.0,22,7.0,-,22,100.0
152,Barcaldine Hospital,2022-09-01,ALL,84,0.0,1,80,99.0,1,1.0,9,11.0,-,7,78.0
153,Blackall Hospital,2022-09-01,ALL,52,0.0,1,50,98.0,0,0.0,6,12.0,-,6,100.0
156,Longreach Hospital,2022-09-01,ALL,275,6.0,1,251,98.0,5,2.0,15,5.0,-,9,60.0
159,Winton Hospital,2022-09-01,ALL,50,5.0,1,43,90.0,0,0.0,3,6.0,-,2,67.0
171,Clermont Hospital,2022-09-01,ALL,263,0.0,1,234,97.0,1,0.0,14,5.0,-,12,86.0
172,Mackay Base Hospital,2022-09-01,ALL,2605,16.0,1,2051,83.0,133,5.0,499,19.0,-,85,17.0
173,Moranbah Hospital,2022-09-01,ALL,385,0.0,1,359,99.0,8,2.0,13,3.0,-,12,92.0
174,Proserpine Hospital,2022-09-01,ALL,977,14.0,1,807,86.0,35,4.0,42,4.0,-,18,43.0
175,Sarina Hospital,2022-09-01,ALL,309,5.0,1,266,95.0,1,0.0,1,0.0,-,1,100.0
176,Dysart Hospital,2022-09-01,ALL,111,0.0,1,109,99.0,1,1.0,10,9.0,-,9,90.0
191,Ayr Hospital,2022-09-01,ALL,585,0.0,1,538,96.0,15,3.0,12,2.0,-,7,58.0
192,Bowen Hospital,2022-09-01,ALL,581,0.0,1,500,94.0,27,5.0,10,2.0,-,5,50.0
193,Charters Towers Hospital,2022-09-01,ALL,448,10.0,1,408,94.0,7,2.0,19,4.0,-,19,100.0
196,Ingham Hospital,2022-09-01,ALL,365,5.0,1,315,91.0,5,1.0,19,5.0,-,19,100.0
197,Joyce Palmer Health Service,2022-09-01,ALL,320,2.0,1,289,96.0,12,4.0,27,8.0,-,24,89.0
200,Townsville University Hospital,2022-09-01,ALL,4720,15.0,1,3650,80.0,156,3.0,749,16.0,-,305,41.0
201,Royal Brisbane & Women's Hospital,2022-09-01,ALL,133,14.0,1,107,82.0,2,2.0,5,4.0,-,4,80.0
202,Queensland Children's Hospital,2022-09-01,ALL,19728,14.0,1,14328,78.0,718,4.0,4655,24.0,-,1671,36.0
211,Atherton Hospital,2022-09-01,ALL,731,36.0,3,389,58.0,58,8.0,28,4.0,-,10,36.0
212,Babinda Hospital,2022-09-01,ALL,132,0.0,1,119,99.0,6,5.0,1,1.0,-,1,100.0
213,Bamaga Hospital,2022-09-01,ALL,418,13.0,1,363,92.0,8,2.0,30,7.0,-,30,100.0
214,Cairns Hospital,2022-09-01,ALL,4260,17.0,1,3008,73.0,140,3.0,816,19.0,-,187,23.0
216,Cooktown Hospital,2022-09-01,ALL,306,15.0,1,252,88.0,9,3.0,34,11.0,-,33,97.0
222,Innisfail Hospital,2022-09-01,ALL,694,40.0,3,362,60.0,70,10.0,54,8.0,-,38,70.0
223,Mareeba Hospital,2022-09-01,ALL,1072,20.0,1,800,79.0,25,2.0,68,6.0,-,32,47.0
224,Mossman Hospital,2022-09-01,ALL,546,36.0,3,301,63.0,42,8.0,32,6.0,-,11,34.0
226,Thursday Island Hospital,2022-09-01,ALL,334,8.0,1,298,98.0,5,2.0,34,10.0,-,27,79.0
227,Tully Hospital,2022-09-01,ALL,389,0.0,1,305,86.0,18,5.0,19,5.0,-,10,53.0
228,Weipa Hospital,2022-09-01,ALL,519,23.0,2,380,80.0,27,5.0,62,12.0,-,59,95.0
243,Cloncurry Hospital,2022-09-01,ALL,163,11.0,1,142,94.0,4,2.0,8,5.0,-,7,88.0
245,Julia Creek Hospital,2022-09-01,ALL,39,1.0,1,36,92.0,0,0.0,0,0.0,-,0,
246,Mount Isa Base Hospital,2022-09-01,ALL,1465,22.0,1,906,69.0,82,6.0,181,12.0,-,81,45.0
247,Normanton Hospital,2022-09-01,ALL,122,0.0,1,102,99.0,2,2.0,11,9.0,-,11,100.0
249,Mornington Island Hospital,2022-09-01,ALL,200,5.0,1,188,98.0,1,1.0,1,1.0,-,1,100.0
252,Doomadgee Hospital,2022-09-01,ALL,548,7.0,1,424,93.0,31,6.0,12,2.0,-,9,75.0
934,Robina Hospital,2022-09-01,ALL,1890,15.0,1,1367,76.0,97,5.0,119,6.0,-,73,61.0
936,Gold Coast University Hospital,2022-09-01,ALL,7435,16.0,1,4705,67.0,417,6.0,1869,25.0,-,844,45.0
99999,Queensland,2022-09-01,ALL,121296,17.0,1,82678,72.0,4824,4.0,19991,16.0,-,8574,43.0
4,The Prince Charles Hospital,2022-06-01,ALL,9971,39.0,3,5340,56.03,422,4.23,1425,14.29,-,785,55.09
11,Princess Alexandra Hospital,2022-06-01,ALL,57,10.0,1,50,87.72,0,0.0,0,0.0,-,0,
15,Ipswich Hospital,2022-06-01,ALL,4957,31.0,3,2123,44.14,146,2.95,1459,29.43,-,759,52.02
16,Redcliffe Hospital,2022-06-01,ALL,3302,32.0,3,1640,54.68,295,8.93,406,12.3,-,53,13.05
22,Queen Elizabeth II Jubilee Hospital,2022-06-01,ALL,1129,28.0,2,602,56.79,66,5.85,17,1.51,-,11,64.71
28,Redland Hospital,2022-06-01,ALL,3933,18.0,1,2331,62.61,206,5.24,571,14.52,-,236,41.33
29,Logan Hospital,2022-06-01,ALL,8423,20.0,1,4863,60.41,372,4.42,2098,24.91,-,1149,54.77
30,Caboolture Hospital,2022-06-01,ALL,3501,24.0,2,1952,60.12,237,6.77,458,13.08,-,65,14.19
32,Sunshine Coast University Hospital,2022-06-01,ALL,5544,20.0,1,3745,68.96,103,1.86,1529,27.58,-,830,54.28
41,Beaudesert Hospital,2022-06-01,ALL,1064,8.0,1,970,93.9,31,2.91,3,0.28,-,0,0.0
42,Boonah Hospital,2022-06-01,ALL,195,0.0,1,186,97.38,0,0.0,1,0.51,-,1,100.0
43,Caloundra Hospital,2022-06-01,ALL,1428,28.0,2,978,77.07,28,1.96,0,0.0,-,0,
44,Esk Hospital,2022-06-01,ALL,126,0.0,1,118,98.33,2,1.59,4,3.17,-,4,100.0
45,Gatton Hospital,2022-06-01,ALL,513,5.0,1,430,90.53,22,4.29,1,0.19,-,1,100.0
46,Kilcoy Hospital,2022-06-01,ALL,168,0.0,1,157,96.32,3,1.79,3,1.79,-,2,66.67
47,Laidley Hospital,2022-06-01,ALL,362,0.0,1,320,94.67,19,5.25,1,0.28,-,0,0.0
48,Maleny Hospital,2022-06-01,ALL,179,8.5,1,160,93.02,3,1.68,0,0.0,-,0,
49,Nambour Hospital,2022-06-01,ALL,1267,12.0,1,1088,87.04,15,1.18,180,14.21,-,168,93.33
61,Biggenden Hospital,2022-06-01,ALL,36,0.0,1,36,100.0,0,0.0,2,5.56,-,2,100.0
62,Bundaberg Hospital,2022-06-01,ALL,2074,44.5,3,806,43.19,197,9.5,348,16.78,-,61,17.53
63,Cherbourg Hospital,2022-06-01,ALL,352,12.5,1,294,91.3,26,7.39,14,3.98,-,14,100.0
64,Childers Hospital,2022-06-01,ALL,97,0.0,1,93,100.0,2,2.06,10,10.31,-,10,100.0
65,Eidsvold Hospital,2022-06-01,ALL,21,0.0,1,21,100.0,0,0.0,2,9.52,-,2,100.0
66,Gayndah Hospital,2022-06-01,ALL,64,0.0,1,61,98.39,1,1.56,7,10.94,-,7,100.0
67,Gin Gin Hospital,2022-06-01,ALL,114,5.0,1,111,99.11,2,1.75,4,3.51,-,4,100.0
68,Gympie Hospital,2022-06-01,ALL,1641,22.0,1,1015,66.12,85,5.18,114,6.95,-,36,31.58
69,Hervey Bay Hospital,2022-06-01,ALL,1674,34.0,3,789,53.75,177,10.57,242,14.46,-,64,26.45
70,Kingaroy Hospital,2022-06-01,ALL,814,44.0,3,380,51.84,68,8.35,53,6.51,-,23,43.4
71,Maryborough Hospital,2022-06-01,ALL,1057,44.5,3,443,47.94,106,10.03,1,0.09,-,1,100.0
72,Monto Hospital,2022-06-01,ALL,59,0.0,1,55,100.0,2,3.39,5,8.47,-,5,100.0
74,Mundubbera Hospital,2022-06-01,ALL,30,0.0,1,29,100.0,0,0.0,1,3.33,-,1,100.0
75,Murgon Hospital,2022-06-01,ALL,172,5.0,1,142,89.87,12,6.98,7,4.07,-,7,100.0
76,Nanango Hospital,2022-06-01,ALL,121,5.0,1,104,94.55,3,2.48,0,0.0,-,0,
91,Chinchilla Hospital,2022-06-01,ALL,349,1.0,1,312,97.2,6,1.72,31,8.88,-,31,100.0
92,Dalby Hospital,2022-06-01,ALL,767,29.0,2,443,62.66,43,5.61,72,9.39,-,64,88.89
93,Goondiwindi Hospital,2022-06-01,ALL,419,0.0,1,394,98.25,7,1.67,43,10.26,-,30,69.77
95,Jandowae Hospital,2022-06-01,ALL,59,0.0,1,58,100.0,0,0.0,3,5.08,-,2,66.67
97,Miles Hospital,2022-06-01,ALL,121,3.5,1,109,99.09,0,0.0,8,6.61,-,8,100.0
98,Millmerran Hospital,2022-06-01,ALL,95,3.0,1,90,98.9,0,0.0,2,2.11,-,2,100.0
99,Oakey Hospital,2022-06-01,ALL,128,0.5,1,116,95.08,3,2.34,0,0.0,-,0,
100,Stanthorpe Hospital,2022-06-01,ALL,294,5.0,1,255,92.39,7,2.38,24,8.16,-,18,75.0
101,Tara Hospital,2022-06-01,ALL,150,0.0,1,135,95.74,0,0.0,12,8.0,-,12,100.0
102,Taroom Hospital,2022-06-01,ALL,46,0.0,1,40,100.0,0,0.0,5,10.87,-,5,100.0
103,Texas Hospital,2022-06-01,ALL,24,0.0,1,23,100.0,0,0.0,0,0.0,-,0,
104,Toowoomba Hospital,2022-06-01,ALL,3276,24.0,2,1851,59.44,148,4.52,626,19.11,-,198,31.63
105,Warwick Hospital,2022-06-01,ALL,930,26.0,2,590,67.89,45,4.84,59,6.34,-,26,44.07
106,Wandoan Hospital,2022-06-01,ALL,23,1.0,1,7,100.0,0,0.0,0,0.0,-,0,
112,Charleville Hospital,2022-06-01,ALL,227,0.0,1,214,98.62,4,1.76,23,10.13,-,17,73.91
113,Cunnamulla Hospital,2022-06-01,ALL,64,0.0,1,63,100.0,1,1.56,4,6.25,-,3,75.0
114,Dirranbandi Hospital,2022-06-01,ALL,37,0.0,1,36,100.0,1,2.7,4,10.81,-,4,100.0
116,Mitchell Hospital,2022-06-01,ALL,63,0.0,1,60,100.0,0,0.0,4,6.35,-,4,100.0
117,Mungindi Hospital,2022-06-01,ALL,35,0.0,1,33,100.0,0,0.0,2,5.71,-,1,50.0
118,Quilpie Hospital,2022-06-01,ALL,58,0.0,1,54,100.0,0,0.0,2,3.45,-,2,100.0
119,Roma Hospital,2022-06-01,ALL,513,9.0,1,481,97.57,11,2.14,43,8.38,-,30,69.77
120,St George Hospital,2022-06-01,ALL,346,1.0,1,326,100.0,3,0.87,26,7.51,-,26,100.0
121,Surat Hospital,2022-06-01,ALL,57,0.0,1,52,100.0,0,0.0,4,7.02,-,4,100.0
133,Biloela Hospital,2022-06-01,ALL,369,11.0,1,300,89.29,15,4.07,25,6.78,-,19,76.0
134,Blackwater Hospital,2022-06-01,ALL,249,0.0,1,238,97.14,4,1.61,3,1.2,-,1,33.33
135,Emerald Hospital,2022-06-01,ALL,882,20.0,1,572,72.68,57,6.46,73,8.28,-,49,67.12
136,Gladstone Hospital,2022-06-01,ALL,2238,17.0,1,1792,83.43,84,3.75,192,8.58,-,22,11.46
139,Mount Morgan Hospital,2022-06-01,ALL,166,0.0,1,154,96.86,0,0.0,2,1.2,-,1,50.0
140,Moura Hospital,2022-06-01,ALL,72,0.0,1,64,98.46,2,2.78,2,2.78,-,2,100.0
141,Rockhampton Hospital,2022-06-01,ALL,2680,22.0,1,1584,63.74,114,4.25,451,16.83,-,130,28.82
142,Springsure Hospital,2022-06-01,ALL,73,0.0,1,61,100.0,2,2.74,7,9.59,-,6,85.71
144,Capricorn Coast Hospital,2022-06-01,ALL,913,20.0,1,582,72.57,85,9.31,1,0.11,-,1,100.0
145,Woorabinda Hospital,2022-06-01,ALL,205,0.0,1,202,99.51,2,0.98,3,1.46,-,3,100.0
152,Barcaldine Hospital,2022-06-01,ALL,98,0.0,1,94,98.95,2,2.04,11,11.22,-,9,81.82
153,Blackall Hospital,2022-06-01,ALL,60,0.0,1,57,96.61,0,0.0,6,10.0,-,6,100.0
156,Longreach Hospital,2022-06-01,ALL,227,6.0,1,208,97.2,2,0.88,14,6.17,-,10,71.43
159,Winton Hospital,2022-06-01,ALL,46,0.0,1,46,100.0,0,0.0,6,13.04,-,5,83.33
171,Clermont Hospital,2022-06-01,ALL,207,0.0,1,174,97.21,3,1.45,10,4.83,-,8,80.0
172,Mackay Base Hospital,2022-06-01,ALL,2552,19.0,1,1884,78.86,150,5.88,452,17.71,-,119,26.33
173,Moranbah Hospital,2022-06-01,ALL,326,0.0,1,296,99.0,1,0.31,6,1.84,-,4,66.67
174,Proserpine Hospital,2022-06-01,ALL,885,16.0,1,750,88.24,27,3.05,47,5.31,-,21,44.68
175,Sarina Hospital,2022-06-01,ALL,351,10.0,1,314,95.15,3,0.85,1,0.28,-,1,100.0
176,Dysart Hospital,2022-06-01,ALL,103,0.0,1,96,95.05,1,0.97,4,3.88,-,4,100.0
191,Ayr Hospital,2022-06-01,ALL,648,0.0,1,615,99.03,15,2.31,18,2.78,-,16,88.89
192,Bowen Hospital,2022-06-01,ALL,590,0.0,1,530,97.61,15,2.54,10,1.69,-,5,50.0
193,Charters Towers Hospital,2022-06-01,ALL,404,8.0,1,365,94.56,14,3.47,12,2.97,-,12,100.0
196,Ingham Hospital,2022-06-01,ALL,309,5.0,1,256,87.37,4,1.29,28,9.06,-,24,85.71
197,Joyce Palmer Health Service,2022-06-01,ALL,375,4.0,1,336,96.28,20,5.33,27,7.2,-,25,92.59
200,Townsville University Hospital,2022-06-01,ALL,4916,17.0,1,3408,73.1,239,4.86,682,13.87,-,263,38.56
201,Royal Brisbane & Women's Hospital,2022-06-01,ALL,163,17.0,1,119,79.87,13,7.98,8,4.91,-,6,75.0
202,Queensland Children's Hospital,2022-06-01,ALL,20994,16.0,1,14693,73.94,1058,5.04,4697,22.37,-,1655,35.24
211,Atherton Hospital,2022-06-01,ALL,725,34.0,3,403,62.67,67,9.24,49,6.76,-,27,55.1
212,Babinda Hospital,2022-06-01,ALL,107,0.0,1,105,100.0,1,0.93,2,1.87,-,2,100.0
213,Bamaga Hospital,2022-06-01,ALL,417,11.0,1,371,92.06,6,1.44,30,7.19,-,29,96.67
214,Cairns Hospital,2022-06-01,ALL,4269,23.0,2,2468,61.2,221,5.18,800,18.74,-,189,23.63
216,Cooktown Hospital,2022-06-01,ALL,332,10.5,1,288,94.12,15,4.52,36,10.84,-,33,91.67
222,Innisfail Hospital,2022-06-01,ALL,709,37.0,3,371,58.98,52,7.33,68,9.59,-,44,64.71
223,Mareeba Hospital,2022-06-01,ALL,1121,21.0,1,836,79.47,40,3.57,61,5.44,-,38,62.3
224,Mossman Hospital,2022-06-01,ALL,555,40.0,3,271,56.58,62,11.17,28,5.05,-,8,28.57
226,Thursday Island Hospital,2022-06-01,ALL,335,3.0,1,319,99.38,4,1.19,23,6.87,-,20,86.96
227,Tully Hospital,2022-06-01,ALL,398,0.0,1,327,87.9,8,2.01,13,3.27,-,7,53.85
228,Weipa Hospital,2022-06-01,ALL,546,21.0,1,437,84.85,27,4.95,37,6.78,-,31,83.78
243,Cloncurry Hospital,2022-06-01,ALL,196,10.0,1,166,91.71,4,2.04,16,8.16,-,15,93.75
245,Julia Creek Hospital,2022-06-01,ALL,39,0.5,1,32,94.12,0,0.0,0,0.0,-,0,
246,Mount Isa Base Hospital,2022-06-01,ALL,1537,23.0,2,976,70.27,81,5.27,180,11.71,-,82,45.56
247,Normanton Hospital,2022-06-01,ALL,166,0.0,1,141,99.3,3,1.81,10,6.02,-,9,90.0
249,Mornington Island Hospital,2022-06-01,ALL,236,0.0,1,219,98.21,4,1.69,1,0.42,-,1,100.0
252,Doomadgee Hospital,2022-06-01,ALL,583,7.5,1,502,97.67,27,4.63,6,1.03,-,6,100.0
934,Robina Hospital,2022-06-01,ALL,2359,15.0,1,1679,74.62,104,4.41,136,5.77,-,91,66.91
936,Gold Coast University Hospital,2022-06-01,ALL,8358,18.0,1,4831,62.42,600,7.18,1866,22.33,-,756,40.51
99999,Queensland,2022-06-01,ALL,126615,19.0,1,81706,68.59,6188,4.89,20123,15.89,-,8603,42.75
1,Mater Hospital Brisbane Public,2022-03-01,ALL,6,11.5,1,4,66.67,0,0.0,0,0.0,-,0,
4,The Prince Charles Hospital,2022-03-01,ALL,7066,21.0,1,5238,75.97,155,2.19,830,11.75,-,486,58.55
11,Princess Alexandra Hospital,2022-03-01,ALL,35,13.0,1,27,77.14,0,0.0,1,2.86,-,1,100.0
15,Ipswich Hospital,2022-03-01,ALL,3426,21.0,1,2050,61.93,112,3.27,729,21.28,-,353,48.42
16,Redcliffe Hospital,2022-03-01,ALL,2588,36.0,3,1327,54.79,161,6.22,259,10.01,-,72,27.8
22,Queen Elizabeth II Jubilee Hospital,2022-03-01,ALL,774,22.0,1,461,63.24,45,5.81,12,1.55,-,9,75.0
28,Redland Hospital,2022-03-01,ALL,2762,12.0,1,2181,80.81,62,2.24,358,12.96,-,193,53.91
29,Logan Hospital,2022-03-01,ALL,6023,13.0,1,4552,77.19,114,1.89,684,11.36,-,266,38.89
30,Caboolture Hospital,2022-03-01,ALL,2721,22.0,1,1644,64.95,172,6.32,339,12.46,-,84,24.78
32,Sunshine Coast University Hospital,2022-03-01,ALL,4286,15.0,1,3409,80.92,55,1.28,1079,25.17,-,644,59.68
41,Beaudesert Hospital,2022-03-01,ALL,799,8.0,1,722,94.13,26,3.25,3,0.38,-,1,33.33
42,Boonah Hospital,2022-03-01,ALL,172,0.0,1,163,100.0,5,2.91,0,0.0,-,0,
43,Caloundra Hospital,2022-03-01,ALL,355,23.0,2,292,89.3,3,0.85,0,0.0,-,0,
44,Esk Hospital,2022-03-01,ALL,82,0.0,1,80,100.0,0,0.0,4,4.88,-,3,75.0
45,Gatton Hospital,2022-03-01,ALL,426,5.0,1,399,96.38,9,2.11,0,0.0,-,0,
46,Kilcoy Hospital,2022-03-01,ALL,362,0.0,1,335,94.1,4,1.1,0,0.0,-,0,
47,Laidley Hospital,2022-03-01,ALL,322,0.0,1,277,94.54,22,6.83,4,1.24,-,2,50.0
48,Maleny Hospital,2022-03-01,ALL,129,9.0,1,117,93.6,0,0.0,0,0.0,-,0,
49,Nambour Hospital,2022-03-01,ALL,1094,13.0,1,924,85.95,16,1.46,100,9.14,-,82,82.0
61,Biggenden Hospital,2022-03-01,ALL,25,0.0,1,25,100.0,0,0.0,0,0.0,-,0,
62,Bundaberg Hospital,2022-03-01,ALL,1696,31.0,3,913,57.75,109,6.43,228,13.44,-,78,34.21
63,Cherbourg Hospital,2022-03-01,ALL,366,15.0,1,307,94.17,29,7.92,8,2.19,-,6,75.0
64,Childers Hospital,2022-03-01,ALL,72,0.0,1,69,100.0,1,1.39,2,2.78,-,2,100.0
65,Eidsvold Hospital,2022-03-01,ALL,19,0.0,1,18,100.0,0,0.0,2,10.53,-,2,100.0
66,Gayndah Hospital,2022-03-01,ALL,46,0.0,1,44,100.0,0,0.0,2,4.35,-,2,100.0
67,Gin Gin Hospital,2022-03-01,ALL,103,5.0,1,100,99.01,2,1.94,1,0.97,-,1,100.0
68,Gympie Hospital,2022-03-01,ALL,1214,17.0,1,879,76.7,46,3.79,56,4.61,-,31,55.36
69,Hervey Bay Hospital,2022-03-01,ALL,1432,35.0,3,697,54.45,130,9.08,155,10.82,-,57,36.77
70,Kingaroy Hospital,2022-03-01,ALL,691,26.0,2,445,70.86,52,7.53,44,6.37,-,27,61.36
71,Maryborough Hospital,2022-03-01,ALL,838,37.0,3,398,54.9,72,8.59,0,0.0,-,0,
72,Monto Hospital,2022-03-01,ALL,45,0.0,1,42,93.33,0,0.0,5,11.11,-,5,100.0
74,Mundubbera Hospital,2022-03-01,ALL,42,0.0,1,42,100.0,0,0.0,1,2.38,-,1,100.0
75,Murgon Hospital,2022-03-01,ALL,153,5.0,1,129,92.81,10,6.54,8,5.23,-,7,87.5
76,Nanango Hospital,2022-03-01,ALL,122,5.0,1,108,99.08,6,4.92,1,0.82,-,0,0.0
91,Chinchilla Hospital,2022-03-01,ALL,277,1.0,1,257,98.85,4,1.44,24,8.66,-,22,91.67
92,Dalby Hospital,2022-03-01,ALL,604,26.0,2,389,69.34,33,5.46,26,4.3,-,22,84.62
93,Goondiwindi Hospital,2022-03-01,ALL,388,0.0,1,353,97.25,10,2.58,31,7.99,-,20,64.52
95,Jandowae Hospital,2022-03-01,ALL,36,0.0,1,34,100.0,0,0.0,2,5.56,-,2,100.0
97,Miles Hospital,2022-03-01,ALL,133,0.0,1,113,97.41,3,2.26,11,8.27,-,11,100.0
98,Millmerran Hospital,2022-03-01,ALL,84,2.0,1,75,97.4,0,0.0,1,1.19,-,1,100.0
99,Oakey Hospital,2022-03-01,ALL,91,0.0,1,87,96.67,1,1.1,0,0.0,-,0,
100,Stanthorpe Hospital,2022-03-01,ALL,212,3.0,1,184,94.36,6,2.83,9,4.25,-,7,77.78
101,Tara Hospital,2022-03-01,ALL,104,0.0,1,93,98.94,1,0.96,2,1.92,-,2,100.0
102,Taroom Hospital,2022-03-01,ALL,52,0.0,1,44,100.0,0,0.0,2,3.85,-,2,100.0
103,Texas Hospital,2022-03-01,ALL,44,0.0,1,44,100.0,0,0.0,3,6.82,-,3,100.0
104,Toowoomba Hospital,2022-03-01,ALL,2476,24.0,2,1472,62.32,95,3.84,466,18.82,-,188,40.34
105,Warwick Hospital,2022-03-01,ALL,698,23.0,2,482,74.27,37,5.3,34,4.87,-,16,47.06
106,Wandoan Hospital,2022-03-01,ALL,11,0.0,1,5,100.0,0,0.0,0,0.0,-,0,
112,Charleville Hospital,2022-03-01,ALL,231,2.0,1,215,100.0,6,2.6,17,7.36,-,16,94.12
113,Cunnamulla Hospital,2022-03-01,ALL,94,0.0,1,87,100.0,0,0.0,4,4.26,-,4,100.0
114,Dirranbandi Hospital,2022-03-01,ALL,49,0.0,1,42,100.0,0,0.0,10,20.41,-,8,80.0
116,Mitchell Hospital,2022-03-01,ALL,38,0.0,1,38,100.0,0,0.0,4,10.53,-,4,100.0
117,Mungindi Hospital,2022-03-01,ALL,45,0.0,1,35,100.0,0,0.0,2,4.44,-,2,100.0
118,Quilpie Hospital,2022-03-01,ALL,59,0.0,1,42,100.0,0,0.0,3,5.08,-,3,100.0
119,Roma Hospital,2022-03-01,ALL,453,9.0,1,433,99.08,9,1.99,28,6.18,-,16,57.14
120,St George Hospital,2022-03-01,ALL,229,0.0,1,216,100.0,1,0.44,20,8.73,-,20,100.0
121,Surat Hospital,2022-03-01,ALL,47,0.0,1,40,100.0,0,0.0,1,2.13,-,1,100.0
133,Biloela Hospital,2022-03-01,ALL,320,9.0,1,268,91.47,12,3.75,10,3.13,-,7,70.0
134,Blackwater Hospital,2022-03-01,ALL,197,0.0,1,192,98.97,1,0.51,1,0.51,-,1,100.0
135,Emerald Hospital,2022-03-01,ALL,736,22.0,1,487,71.51,29,3.94,81,11.01,-,62,76.54
136,Gladstone Hospital,2022-03-01,ALL,1730,16.0,1,1354,81.86,63,3.64,128,7.4,-,29,22.66
139,Mount Morgan Hospital,2022-03-01,ALL,134,0.0,1,129,99.23,0,0.0,2,1.49,-,2,100.0
140,Moura Hospital,2022-03-01,ALL,97,0.0,1,93,100.0,0,0.0,2,2.06,-,2,100.0
141,Rockhampton Hospital,2022-03-01,ALL,2147,25.0,2,1252,64.04,125,5.82,323,15.04,-,135,41.8
142,Springsure Hospital,2022-03-01,ALL,53,0.0,1,48,100.0,1,1.89,1,1.89,-,1,100.0
144,Capricorn Coast Hospital,2022-03-01,ALL,816,17.0,1,588,79.03,47,5.76,3,0.37,-,1,33.33
145,Woorabinda Hospital,2022-03-01,ALL,252,0.0,1,242,97.98,4,1.59,5,1.98,-,3,60.0
152,Barcaldine Hospital,2022-03-01,ALL,64,0.0,1,59,93.65,1,1.56,2,3.13,-,2,100.0
153,Blackall Hospital,2022-03-01,ALL,58,0.0,1,51,96.23,1,1.72,9,15.52,-,8,88.89
156,Longreach Hospital,2022-03-01,ALL,153,2.0,1,140,98.59,1,0.65,5,3.27,-,5,100.0
159,Winton Hospital,2022-03-01,ALL,26,0.0,1,26,100.0,0,0.0,0,0.0,-,0,
171,Clermont Hospital,2022-03-01,ALL,185,0.0,1,166,98.22,7,3.78,6,3.24,-,4,66.67
172,Mackay Base Hospital,2022-03-01,ALL,2009,15.0,1,1612,83.39,74,3.68,336,16.72,-,107,31.85
173,Moranbah Hospital,2022-03-01,ALL,431,0.0,1,411,100.0,2,0.46,4,0.93,-,3,75.0
174,Proserpine Hospital,2022-03-01,ALL,1090,6.0,1,1010,94.66,13,1.19,34,3.12,-,23,67.65
175,Sarina Hospital,2022-03-01,ALL,359,10.0,1,293,93.02,4,1.11,1,0.28,-,1,100.0
176,Dysart Hospital,2022-03-01,ALL,162,1.0,1,158,98.14,1,0.62,4,2.47,-,2,50.0
191,Ayr Hospital,2022-03-01,ALL,480,0.0,1,461,98.09,5,1.04,10,2.08,-,8,80.0
192,Bowen Hospital,2022-03-01,ALL,492,0.0,1,444,98.67,13,2.64,13,2.64,-,10,76.92
193,Charters Towers Hospital,2022-03-01,ALL,330,7.0,1,306,96.53,5,1.52,11,3.33,-,11,100.0
196,Ingham Hospital,2022-03-01,ALL,250,2.0,1,204,88.7,8,3.2,13,5.2,-,11,84.62
197,Joyce Palmer Health Service,2022-03-01,ALL,269,3.0,1,245,93.87,5,1.86,22,8.18,-,22,100.0
200,Townsville University Hospital,2022-03-01,ALL,3699,17.0,1,2769,76.9,87,2.35,609,16.46,-,305,50.08
201,Royal Brisbane & Women's Hospital,2022-03-01,ALL,273,14.0,1,242,89.96,2,0.73,5,1.83,-,2,40.0
202,Queensland Children's Hospital,2022-03-01,ALL,15669,11.0,1,13326,86.82,267,1.7,3559,22.71,-,1491,41.89
211,Atherton Hospital,2022-03-01,ALL,617,24.0,2,398,71.45,37,6.0,32,5.19,-,17,53.13
212,Babinda Hospital,2022-03-01,ALL,145,0.0,1,135,100.0,0,0.0,0,0.0,-,0,
213,Bamaga Hospital,2022-03-01,ALL,204,12.5,1,180,94.74,6,2.94,11,5.39,-,11,100.0
214,Cairns Hospital,2022-03-01,ALL,3078,21.0,1,2034,68.14,82,2.66,620,20.14,-,201,32.42
216,Cooktown Hospital,2022-03-01,ALL,289,10.0,1,266,97.08,3,1.04,20,6.92,-,20,100.0
222,Innisfail Hospital,2022-03-01,ALL,619,26.0,2,416,74.69,33,5.33,58,9.37,-,33,56.9
223,Mareeba Hospital,2022-03-01,ALL,784,16.0,1,627,83.71,21,2.68,29,3.7,-,18,62.07
224,Mossman Hospital,2022-03-01,ALL,425,33.0,3,273,70.91,24,5.65,11,2.59,-,4,36.36
226,Thursday Island Hospital,2022-03-01,ALL,271,3.0,1,257,100.0,1,0.37,30,11.07,-,24,80.0
227,Tully Hospital,2022-03-01,ALL,308,0.0,1,272,93.15,3,0.97,10,3.25,-,9,90.0
228,Weipa Hospital,2022-03-01,ALL,381,18.0,1,326,91.32,6,1.57,29,7.61,-,27,93.1
243,Cloncurry Hospital,2022-03-01,ALL,177,7.0,1,159,97.55,2,1.13,14,7.91,-,12,85.71
245,Julia Creek Hospital,2022-03-01,ALL,29,0.0,1,26,92.86,0,0.0,0,0.0,-,0,
246,Mount Isa Base Hospital,2022-03-01,ALL,1216,19.0,1,844,75.83,62,5.1,148,12.17,-,62,41.89
247,Normanton Hospital,2022-03-01,ALL,206,0.0,1,185,98.93,5,2.43,8,3.88,-,7,87.5
249,Mornington Island Hospital,2022-03-01,ALL,217,0.0,1,210,99.06,2,0.92,2,0.92,-,2,100.0
252,Doomadgee Hospital,2022-03-01,ALL,508,5.0,1,449,98.25,22,4.33,4,0.79,-,3,75.0
934,Robina Hospital,2022-03-01,ALL,3013,6.0,1,2519,86.33,87,2.89,131,4.35,-,90,68.7
936,Gold Coast University Hospital,2022-03-01,ALL,7659,10.0,1,5808,79.17,300,3.92,1359,17.74,-,622,45.77
99999,Queensland,2022-03-01,ALL,99374,13.0,1,75158,79.0,3098,3.12,13330,13.41,-,6205,46.55
1,Mater Hospital Brisbane Public,2021-12-01,ALL,6,5.0,1,3,60.0,1,16.67,1,16.67,-,0,0.0
4,The Prince Charles Hospital,2021-12-01,ALL,8459,24.0,2,6126,74.18,176,2.08,975,11.53,-,581,59.59
11,Princess Alexandra Hospital,2021-12-01,ALL,41,7.0,1,36,87.8,0,0.0,0,0.0,-,0,
15,Ipswich Hospital,2021-12-01,ALL,3781,17.0,1,2555,68.7,59,1.56,1187,31.39,-,838,70.6
16,Redcliffe Hospital,2021-12-01,ALL,3150,33.0,3,1821,61.07,158,5.02,324,10.29,-,122,37.65
22,Queen Elizabeth II Jubilee Hospital,2021-12-01,ALL,966,25.0,2,567,61.7,44,4.55,9,0.93,-,5,55.56
28,Redland Hospital,2021-12-01,ALL,2785,12.0,1,2231,82.08,63,2.26,387,13.9,-,226,58.4
29,Logan Hospital,2021-12-01,ALL,6471,13.0,1,4781,75.33,116,1.79,1678,25.93,-,1236,73.66
30,Caboolture Hospital,2021-12-01,ALL,2960,19.0,1,1917,70.45,211,7.13,384,12.97,-,117,30.47
32,Sunshine Coast University Hospital,2021-12-01,ALL,4316,15.0,1,3396,80.15,54,1.25,1026,23.77,-,628,61.21
41,Beaudesert Hospital,2021-12-01,ALL,826,8.0,1,751,93.76,24,2.91,0,0.0,-,0,
42,Boonah Hospital,2021-12-01,ALL,213,0.0,1,201,98.53,7,3.29,0,0.0,-,0,
43,Caloundra Hospital,2021-12-01,ALL,952,19.0,1,812,88.55,15,1.58,1,0.11,-,1,100.0
44,Esk Hospital,2021-12-01,ALL,117,0.0,1,108,96.43,3,2.56,3,2.56,-,3,100.0
45,Gatton Hospital,2021-12-01,ALL,465,5.0,1,416,94.12,12,2.58,0,0.0,-,0,
46,Kilcoy Hospital,2021-12-01,ALL,209,0.0,1,185,95.36,8,3.83,2,0.96,-,2,100.0
47,Laidley Hospital,2021-12-01,ALL,368,0.0,1,324,96.72,26,7.07,2,0.54,-,1,50.0
48,Maleny Hospital,2021-12-01,ALL,174,10.0,1,144,88.89,3,1.72,0,0.0,-,0,
49,Nambour Hospital,2021-12-01,ALL,1210,17.0,1,919,77.55,17,1.4,115,9.5,-,86,74.78
61,Biggenden Hospital,2021-12-01,ALL,59,0.0,1,59,100.0,0,0.0,4,6.78,-,4,100.0
62,Bundaberg Hospital,2021-12-01,ALL,2106,33.0,3,1087,56.09,158,7.5,292,13.87,-,105,35.96
63,Cherbourg Hospital,2021-12-01,ALL,373,14.0,1,301,91.49,27,7.24,17,4.56,-,14,82.35
64,Childers Hospital,2021-12-01,ALL,82,0.0,1,81,100.0,0,0.0,4,4.88,-,4,100.0
65,Eidsvold Hospital,2021-12-01,ALL,32,0.0,1,32,100.0,0,0.0,1,3.13,-,1,100.0
66,Gayndah Hospital,2021-12-01,ALL,67,0.0,1,59,98.33,0,0.0,8,11.94,-,8,100.0
67,Gin Gin Hospital,2021-12-01,ALL,124,5.0,1,114,95.8,5,4.03,3,2.42,-,3,100.0
68,Gympie Hospital,2021-12-01,ALL,1353,18.5,1,953,73.88,48,3.55,80,5.91,-,45,56.25
69,Hervey Bay Hospital,2021-12-01,ALL,1697,35.0,3,893,57.54,123,7.25,191,11.26,-,72,37.7
70,Kingaroy Hospital,2021-12-01,ALL,774,25.0,2,490,70.3,58,7.49,58,7.49,-,20,34.48
71,Maryborough Hospital,2021-12-01,ALL,980,29.0,2,542,61.17,49,5.0,0,0.0,-,0,
72,Monto Hospital,2021-12-01,ALL,57,0.0,1,53,100.0,1,1.75,7,12.28,-,7,100.0
74,Mundubbera Hospital,2021-12-01,ALL,76,0.0,1,71,100.0,0,0.0,10,13.16,-,10,100.0
75,Murgon Hospital,2021-12-01,ALL,195,5.0,1,171,94.48,4,2.05,12,6.15,-,11,91.67
76,Nanango Hospital,2021-12-01,ALL,205,4.0,1,191,100.0,3,1.46,0,0.0,-,0,
91,Chinchilla Hospital,2021-12-01,ALL,391,1.0,1,356,98.34,5,1.28,42,10.74,-,41,97.62
92,Dalby Hospital,2021-12-01,ALL,674,22.0,1,441,71.59,26,3.86,59,8.75,-,57,96.61
93,Goondiwindi Hospital,2021-12-01,ALL,376,0.0,1,355,98.89,8,2.13,33,8.78,-,21,63.64
95,Jandowae Hospital,2021-12-01,ALL,44,0.0,1,43,100.0,0,0.0,1,2.27,-,1,100.0
97,Miles Hospital,2021-12-01,ALL,136,0.0,1,122,97.6,0,0.0,10,7.35,-,10,100.0
98,Millmerran Hospital,2021-12-01,ALL,122,5.0,1,112,99.12,2,1.64,4,3.28,-,4,100.0
99,Oakey Hospital,2021-12-01,ALL,115,2.0,1,108,94.74,0,0.0,1,0.87,-,1,100.0
100,Stanthorpe Hospital,2021-12-01,ALL,329,3.0,1,297,95.5,8,2.43,15,4.56,-,15,100.0
101,Tara Hospital,2021-12-01,ALL,98,0.0,1,86,100.0,1,1.02,5,5.1,-,5,100.0
102,Taroom Hospital,2021-12-01,ALL,47,0.0,1,36,100.0,0,0.0,2,4.26,-,2,100.0
103,Texas Hospital,2021-12-01,ALL,43,0.0,1,40,97.56,0,0.0,2,4.65,-,2,100.0
104,Toowoomba Hospital,2021-12-01,ALL,2777,22.0,1,1768,66.87,115,4.14,550,19.81,-,291,52.91
105,Warwick Hospital,2021-12-01,ALL,813,29.5,2,482,66.21,62,7.63,54,6.64,-,32,59.26
106,Wandoan Hospital,2021-12-01,ALL,9,0.0,1,9,100.0,0,0.0,0,0.0,-,0,
112,Charleville Hospital,2021-12-01,ALL,254,0.0,1,236,99.58,7,2.76,31,12.2,-,29,93.55
113,Cunnamulla Hospital,2021-12-01,ALL,125,0.0,1,121,100.0,0,0.0,7,5.6,-,7,100.0
114,Dirranbandi Hospital,2021-12-01,ALL,33,0.0,1,24,100.0,1,3.03,4,12.12,-,4,100.0
116,Mitchell Hospital,2021-12-01,ALL,58,0.0,1,52,100.0,0,0.0,3,5.17,-,3,100.0
117,Mungindi Hospital,2021-12-01,ALL,17,0.0,1,15,100.0,0,0.0,1,5.88,-,1,100.0
118,Quilpie Hospital,2021-12-01,ALL,57,0.0,1,47,100.0,0,0.0,0,0.0,-,0,
119,Roma Hospital,2021-12-01,ALL,470,10.0,1,428,96.61,19,4.04,41,8.72,-,26,63.41
120,St George Hospital,2021-12-01,ALL,282,1.0,1,266,100.0,1,0.35,23,8.16,-,23,100.0
121,Surat Hospital,2021-12-01,ALL,44,0.0,1,37,100.0,0,0.0,3,6.82,-,3,100.0
133,Biloela Hospital,2021-12-01,ALL,360,5.0,1,317,94.91,8,2.22,19,5.28,-,18,94.74
134,Blackwater Hospital,2021-12-01,ALL,271,1.0,1,266,98.88,1,0.37,8,2.95,-,8,100.0
135,Emerald Hospital,2021-12-01,ALL,828,21.0,1,576,75.2,32,3.86,81,9.78,-,70,86.42
136,Gladstone Hospital,2021-12-01,ALL,1928,15.0,1,1592,85.45,54,2.8,138,7.16,-,55,39.86
139,Mount Morgan Hospital,2021-12-01,ALL,107,0.0,1,100,99.01,2,1.87,1,0.93,-,1,100.0
140,Moura Hospital,2021-12-01,ALL,124,0.0,1,121,100.0,0,0.0,3,2.42,-,3,100.0
141,Rockhampton Hospital,2021-12-01,ALL,2418,25.0,2,1377,62.17,130,5.38,361,14.93,-,159,44.04
142,Springsure Hospital,2021-12-01,ALL,71,0.0,1,56,98.25,1,1.41,1,1.41,-,1,100.0
144,Capricorn Coast Hospital,2021-12-01,ALL,945,15.0,1,691,81.2,53,5.61,2,0.21,-,1,50.0
145,Woorabinda Hospital,2021-12-01,ALL,199,0.0,1,188,98.95,3,1.51,7,3.52,-,7,100.0
152,Barcaldine Hospital,2021-12-01,ALL,94,0.0,1,86,97.73,0,0.0,9,9.57,-,9,100.0
153,Blackall Hospital,2021-12-01,ALL,77,0.0,1,73,98.65,2,2.6,8,10.39,-,6,75.0
156,Longreach Hospital,2021-12-01,ALL,158,4.0,1,140,99.29,1,0.63,13,8.23,-,11,84.62
159,Winton Hospital,2021-12-01,ALL,39,0.0,1,37,100.0,1,2.56,4,10.26,-,4,100.0
171,Clermont Hospital,2021-12-01,ALL,199,0.0,1,178,95.19,2,1.01,11,5.53,-,10,90.91
172,Mackay Base Hospital,2021-12-01,ALL,2406,22.0,1,1651,73.28,145,6.03,381,15.84,-,117,30.71
173,Moranbah Hospital,2021-12-01,ALL,337,0.0,1,308,99.04,2,0.59,8,2.37,-,8,100.0
174,Proserpine Hospital,2021-12-01,ALL,1018,13.0,1,899,91.18,14,1.38,56,5.5,-,25,44.64
175,Sarina Hospital,2021-12-01,ALL,362,0.0,1,274,95.14,5,1.38,2,0.55,-,2,100.0
176,Dysart Hospital,2021-12-01,ALL,121,0.0,1,116,95.87,0,0.0,4,3.31,-,4,100.0
191,Ayr Hospital,2021-12-01,ALL,581,0.0,1,539,97.47,12,2.07,17,2.93,-,15,88.24
192,Bowen Hospital,2021-12-01,ALL,568,0.0,1,502,95.44,18,3.17,13,2.29,-,9,69.23
193,Charters Towers Hospital,2021-12-01,ALL,380,9.0,1,344,94.25,9,2.37,15,3.95,-,15,100.0
196,Ingham Hospital,2021-12-01,ALL,369,2.0,1,320,93.84,3,0.81,25,6.78,-,23,92.0
197,Joyce Palmer Health Service,2021-12-01,ALL,348,4.0,1,320,95.52,6,1.72,50,14.37,-,48,96.0
200,Townsville University Hospital,2021-12-01,ALL,3929,14.0,1,3146,82.23,94,2.39,629,16.01,-,339,53.9
201,Royal Brisbane & Women's Hospital,2021-12-01,ALL,1145,13.0,1,1103,96.92,6,0.52,7,0.61,-,6,85.71
202,Queensland Children's Hospital,2021-12-01,ALL,16487,11.0,1,14276,87.89,169,1.03,3953,23.98,-,1784,45.13
211,Atherton Hospital,2021-12-01,ALL,741,27.0,2,443,66.02,49,6.61,55,7.42,-,28,50.91
212,Babinda Hospital,2021-12-01,ALL,129,0.0,1,119,100.0,4,3.1,4,3.1,-,4,100.0
213,Bamaga Hospital,2021-12-01,ALL,382,5.0,1,351,96.69,6,1.57,22,5.76,-,21,95.45
214,Cairns Hospital,2021-12-01,ALL,3574,24.0,2,2033,60.69,209,5.85,679,19.0,-,216,31.81
216,Cooktown Hospital,2021-12-01,ALL,298,14.5,1,251,93.66,15,5.03,42,14.09,-,40,95.24
222,Innisfail Hospital,2021-12-01,ALL,740,30.0,2,447,69.41,51,6.89,65,8.78,-,50,76.92
223,Mareeba Hospital,2021-12-01,ALL,1042,15.0,1,862,86.9,15,1.44,45,4.32,-,33,73.33
224,Mossman Hospital,2021-12-01,ALL,442,29.0,2,253,63.41,32,7.24,18,4.07,-,9,50.0
226,Thursday Island Hospital,2021-12-01,ALL,380,5.0,1,326,99.09,4,1.05,30,7.89,-,27,90.0
227,Tully Hospital,2021-12-01,ALL,394,0.0,1,327,89.84,11,2.79,15,3.81,-,8,53.33
228,Weipa Hospital,2021-12-01,ALL,414,20.0,1,322,85.87,15,3.62,39,9.42,-,36,92.31
243,Cloncurry Hospital,2021-12-01,ALL,198,7.0,1,182,96.81,3,1.52,17,8.59,-,16,94.12
245,Julia Creek Hospital,2021-12-01,ALL,34,0.0,1,31,96.88,0,0.0,0,0.0,-,0,
246,Mount Isa Base Hospital,2021-12-01,ALL,1636,17.0,1,1211,80.73,64,3.91,162,9.9,-,76,46.91
247,Normanton Hospital,2021-12-01,ALL,111,0.0,1,107,99.07,1,0.9,6,5.41,-,6,100.0
249,Mornington Island Hospital,2021-12-01,ALL,286,0.0,1,272,99.27,1,0.35,0,0.0,-,0,
252,Doomadgee Hospital,2021-12-01,ALL,598,4.0,1,506,96.75,25,4.18,6,1.0,-,5,83.33
934,Robina Hospital,2021-12-01,ALL,3231,8.0,1,2388,77.03,123,3.81,231,7.15,-,181,78.35
936,Gold Coast University Hospital,2021-12-01,ALL,7348,10.0,1,5681,79.98,218,2.97,1587,21.6,-,920,57.97
99999,Queensland,2021-12-01,ALL,110810,14.0,1,83579,78.89,3347,3.02,16521,14.91,-,9162,55.46
1,Mater Hospital Brisbane Public,2021-09-01,ALL,2,8.5,1,1,50.0,0,0.0,0,0.0,-,0,
4,The Prince Charles Hospital,2021-09-01,ALL,10036,24.0,2,7346,75.37,260,2.59,1036,10.32,-,616,59.46
11,Princess Alexandra Hospital,2021-09-01,ALL,49,8.0,1,41,87.23,2,4.08,0,0.0,-,0,
15,Ipswich Hospital,2021-09-01,ALL,4034,17.0,1,2578,65.02,66,1.64,1263,31.31,-,853,67.54
16,Redcliffe Hospital,2021-09-01,ALL,3497,27.0,2,2115,63.0,133,3.8,329,9.41,-,119,36.17
22,Queen Elizabeth II Jubilee Hospital,2021-09-01,ALL,867,26.0,2,518,62.33,32,3.69,11,1.27,-,7,63.64
28,Redland Hospital,2021-09-01,ALL,3251,13.0,1,2284,73.72,148,4.55,459,14.12,-,257,55.99
29,Logan Hospital,2021-09-01,ALL,6769,15.0,1,4754,71.99,156,2.3,1736,25.65,-,1255,72.29
30,Caboolture Hospital,2021-09-01,ALL,2870,17.0,1,1986,73.94,171,5.96,493,17.18,-,173,35.09
32,Sunshine Coast University Hospital,2021-09-01,ALL,4672,16.0,1,3489,75.96,65,1.39,1179,25.24,-,730,61.92
41,Beaudesert Hospital,2021-09-01,ALL,840,7.0,1,759,93.36,24,2.86,11,1.31,-,3,27.27
42,Boonah Hospital,2021-09-01,ALL,174,0.0,1,168,98.25,0,0.0,6,3.45,-,6,100.0
43,Caloundra Hospital,2021-09-01,ALL,829,17.0,1,687,88.3,7,0.84,0,0.0,-,0,
44,Esk Hospital,2021-09-01,ALL,106,0.0,1,101,96.19,0,0.0,4,3.77,-,4,100.0
45,Gatton Hospital,2021-09-01,ALL,469,4.0,1,422,94.83,10,2.13,2,0.43,-,2,100.0
46,Kilcoy Hospital,2021-09-01,ALL,153,0.0,1,133,94.33,7,4.58,3,1.96,-,3,100.0
47,Laidley Hospital,2021-09-01,ALL,409,0.0,1,374,96.39,15,3.67,5,1.22,-,3,60.0
48,Maleny Hospital,2021-09-01,ALL,175,7.0,1,147,92.45,3,1.71,1,0.57,-,1,100.0
49,Nambour Hospital,2021-09-01,ALL,1301,14.0,1,1036,81.77,26,2.0,118,9.07,-,98,83.05
61,Biggenden Hospital,2021-09-01,ALL,48,0.0,1,48,100.0,0,0.0,3,6.25,-,3,100.0
62,Bundaberg Hospital,2021-09-01,ALL,2281,29.0,2,1316,61.15,119,5.22,333,14.6,-,136,40.84
63,Cherbourg Hospital,2021-09-01,ALL,340,4.0,1,300,96.77,19,5.59,22,6.47,-,20,90.91
64,Childers Hospital,2021-09-01,ALL,112,0.0,1,109,99.09,2,1.79,10,8.93,-,10,100.0
65,Eidsvold Hospital,2021-09-01,ALL,40,0.0,1,39,97.5,0,0.0,2,5.0,-,2,100.0
66,Gayndah Hospital,2021-09-01,ALL,60,0.0,1,58,100.0,0,0.0,3,5.0,-,3,100.0
67,Gin Gin Hospital,2021-09-01,ALL,133,3.0,1,131,98.5,0,0.0,2,1.5,-,2,100.0
68,Gympie Hospital,2021-09-01,ALL,1658,22.0,1,1031,66.9,86,5.19,5,0.3,-,3,60.0
69,Hervey Bay Hospital,2021-09-01,ALL,1938,27.0,2,1130,63.81,138,7.12,212,10.94,-,80,37.74
70,Kingaroy Hospital,2021-09-01,ALL,939,29.0,2,576,66.13,48,5.11,82,8.73,-,36,43.9
71,Maryborough Hospital,2021-09-01,ALL,1094,23.0,2,673,66.57,40,3.66,10,0.91,-,6,60.0
72,Monto Hospital,2021-09-01,ALL,74,0.0,1,72,98.63,0,0.0,8,10.81,-,7,87.5
74,Mundubbera Hospital,2021-09-01,ALL,31,0.0,1,30,100.0,0,0.0,1,3.23,-,1,100.0
75,Murgon Hospital,2021-09-01,ALL,178,5.0,1,152,92.68,7,3.93,9,5.06,-,9,100.0
76,Nanango Hospital,2021-09-01,ALL,186,2.0,1,150,96.77,4,2.15,0,0.0,-,0,
91,Chinchilla Hospital,2021-09-01,ALL,390,1.0,1,347,98.3,4,1.03,20,5.13,-,19,95.0
92,Dalby Hospital,2021-09-01,ALL,743,27.0,2,475,67.47,23,3.1,79,10.63,-,68,86.08
93,Goondiwindi Hospital,2021-09-01,ALL,537,0.0,1,518,99.23,7,1.3,31,5.77,-,31,100.0
95,Jandowae Hospital,2021-09-01,ALL,61,0.0,1,57,100.0,0,0.0,4,6.56,-,4,100.0
97,Miles Hospital,2021-09-01,ALL,144,0.0,1,124,99.2,0,0.0,14,9.72,-,14,100.0
98,Millmerran Hospital,2021-09-01,ALL,157,1.0,1,137,97.16,1,0.64,7,4.46,-,7,100.0
99,Oakey Hospital,2021-09-01,ALL,171,0.0,1,160,97.56,5,2.92,0,0.0,-,0,
100,Stanthorpe Hospital,2021-09-01,ALL,384,4.0,1,327,90.83,9,2.34,24,6.25,-,19,79.17
101,Tara Hospital,2021-09-01,ALL,93,0.0,1,87,96.67,0,0.0,2,2.15,-,2,100.0
102,Taroom Hospital,2021-09-01,ALL,66,0.0,1,53,98.15,0,0.0,7,10.61,-,7,100.0
103,Texas Hospital,2021-09-01,ALL,57,0.5,1,52,100.0,0,0.0,4,7.02,-,3,75.0
104,Toowoomba Hospital,2021-09-01,ALL,3285,23.0,2,1985,64.16,174,5.3,604,18.39,-,295,48.84
105,Warwick Hospital,2021-09-01,ALL,1077,23.0,2,711,72.04,62,5.76,71,6.59,-,30,42.25
106,Wandoan Hospital,2021-09-01,ALL,19,0.0,1,19,100.0,0,0.0,0,0.0,-,0,
112,Charleville Hospital,2021-09-01,ALL,242,0.0,1,231,100.0,5,2.07,18,7.44,-,15,83.33
113,Cunnamulla Hospital,2021-09-01,ALL,92,0.0,1,84,100.0,0,0.0,6,6.52,-,6,100.0
114,Dirranbandi Hospital,2021-09-01,ALL,42,0.0,1,42,100.0,0,0.0,0,0.0,-,0,
116,Mitchell Hospital,2021-09-01,ALL,50,0.0,1,49,100.0,1,2.0,8,16.0,-,8,100.0
117,Mungindi Hospital,2021-09-01,ALL,27,0.0,1,21,100.0,0,0.0,1,3.7,-,1,100.0
118,Quilpie Hospital,2021-09-01,ALL,82,0.0,1,67,100.0,0,0.0,4,4.88,-,4,100.0
119,Roma Hospital,2021-09-01,ALL,489,9.0,1,460,98.71,19,3.89,48,9.82,-,27,56.25
120,St George Hospital,2021-09-01,ALL,226,1.0,1,214,99.53,1,0.44,9,3.98,-,9,100.0
121,Surat Hospital,2021-09-01,ALL,57,0.0,1,51,100.0,1,1.75,3,5.26,-,3,100.0
133,Biloela Hospital,2021-09-01,ALL,370,9.0,1,311,91.2,7,1.89,22,5.95,-,17,77.27
134,Blackwater Hospital,2021-09-01,ALL,255,0.0,1,248,99.2,3,1.18,6,2.35,-,3,50.0
135,Emerald Hospital,2021-09-01,ALL,932,26.0,2,600,69.36,37,3.97,105,11.27,-,84,80.0
136,Gladstone Hospital,2021-09-01,ALL,2311,19.0,1,1720,80.19,154,6.66,178,7.7,-,50,28.09
139,Mount Morgan Hospital,2021-09-01,ALL,156,0.0,1,147,97.35,1,0.64,0,0.0,-,0,
140,Moura Hospital,2021-09-01,ALL,129,0.0,1,122,100.0,3,2.33,4,3.1,-,4,100.0
141,Rockhampton Hospital,2021-09-01,ALL,2766,27.0,2,1516,60.16,168,6.07,390,14.1,-,160,41.03
142,Springsure Hospital,2021-09-01,ALL,88,0.0,1,76,100.0,0,0.0,8,9.09,-,8,100.0
144,Capricorn Coast Hospital,2021-09-01,ALL,1124,15.0,1,857,82.01,42,3.74,4,0.36,-,2,50.0
145,Woorabinda Hospital,2021-09-01,ALL,168,0.0,1,165,99.4,1,0.6,2,1.19,-,2,100.0
152,Barcaldine Hospital,2021-09-01,ALL,87,0.0,1,85,100.0,0,0.0,14,16.09,-,13,92.86
153,Blackall Hospital,2021-09-01,ALL,82,0.0,1,76,98.7,1,1.22,8,9.76,-,8,100.0
156,Longreach Hospital,2021-09-01,ALL,163,5.0,1,140,94.59,3,1.84,5,3.07,-,5,100.0
159,Winton Hospital,2021-09-01,ALL,66,1.0,1,64,98.46,1,1.52,7,10.61,-,6,85.71
171,Clermont Hospital,2021-09-01,ALL,246,0.0,1,228,97.02,1,0.41,13,5.28,-,10,76.92
172,Mackay Base Hospital,2021-09-01,ALL,2881,22.0,1,1990,74.14,192,6.66,427,14.82,-,118,27.63
173,Moranbah Hospital,2021-09-01,ALL,377,0.0,1,340,98.84,5,1.33,16,4.24,-,16,100.0
174,Proserpine Hospital,2021-09-01,ALL,1024,16.0,1,881,89.62,21,2.05,70,6.84,-,32,45.71
175,Sarina Hospital,2021-09-01,ALL,391,0.0,1,135,98.54,7,1.79,0,0.0,-,0,
176,Dysart Hospital,2021-09-01,ALL,130,0.0,1,127,98.45,1,0.77,5,3.85,-,5,100.0
191,Ayr Hospital,2021-09-01,ALL,590,0.0,1,532,95.51,14,2.37,20,3.39,-,19,95.0
192,Bowen Hospital,2021-09-01,ALL,604,1.0,1,493,93.55,39,6.46,14,2.32,-,10,71.43
193,Charters Towers Hospital,2021-09-01,ALL,528,10.0,1,481,93.76,9,1.7,26,4.92,-,24,92.31
196,Ingham Hospital,2021-09-01,ALL,324,1.0,1,292,96.69,1,0.31,14,4.32,-,10,71.43
197,Joyce Palmer Health Service,2021-09-01,ALL,261,3.0,1,246,98.4,9,3.45,36,13.79,-,36,100.0
200,Townsville University Hospital,2021-09-01,ALL,4518,15.0,1,3342,76.88,157,3.47,670,14.83,-,328,48.96
201,Royal Brisbane & Women's Hospital,2021-09-01,ALL,1505,10.0,1,1468,98.19,7,0.47,16,1.06,-,14,87.5
202,Queensland Children's Hospital,2021-09-01,ALL,18076,13.0,1,14926,84.19,284,1.57,4160,23.01,-,1783,42.86
211,Atherton Hospital,2021-09-01,ALL,689,30.0,2,383,63.41,47,6.82,45,6.53,-,24,53.33
212,Babinda Hospital,2021-09-01,ALL,130,0.0,1,121,100.0,2,1.54,2,1.54,-,2,100.0
213,Bamaga Hospital,2021-09-01,ALL,349,2.0,1,328,100.0,10,2.87,23,6.59,-,23,100.0
214,Cairns Hospital,2021-09-01,ALL,3672,23.0,2,2170,62.73,195,5.31,691,18.82,-,195,28.22
216,Cooktown Hospital,2021-09-01,ALL,305,14.0,1,256,93.77,7,2.3,30,9.84,-,29,96.67
222,Innisfail Hospital,2021-09-01,ALL,788,27.0,2,532,75.57,42,5.33,68,8.63,-,60,88.24
223,Mareeba Hospital,2021-09-01,ALL,1022,20.0,1,783,80.47,13,1.27,40,3.91,-,28,70.0
224,Mossman Hospital,2021-09-01,ALL,487,34.0,3,284,65.29,39,8.01,19,3.9,-,6,31.58
226,Thursday Island Hospital,2021-09-01,ALL,463,6.0,1,413,98.33,10,2.16,28,6.05,-,23,82.14
227,Tully Hospital,2021-09-01,ALL,374,0.0,1,325,91.29,6,1.6,15,4.01,-,10,66.67
228,Weipa Hospital,2021-09-01,ALL,437,15.0,1,388,93.95,7,1.6,22,5.03,-,22,100.0
243,Cloncurry Hospital,2021-09-01,ALL,244,7.0,1,225,97.4,6,2.46,27,11.07,-,23,85.19
245,Julia Creek Hospital,2021-09-01,ALL,38,0.0,1,32,100.0,0,0.0,0,0.0,-,0,
246,Mount Isa Base Hospital,2021-09-01,ALL,1607,20.0,1,1156,77.58,51,3.17,185,11.51,-,78,42.16
247,Normanton Hospital,2021-09-01,ALL,140,0.0,1,124,98.41,4,2.86,12,8.57,-,12,100.0
249,Mornington Island Hospital,2021-09-01,ALL,281,0.0,1,258,100.0,6,2.14,2,0.71,-,2,100.0
252,Doomadgee Hospital,2021-09-01,ALL,637,2.0,1,527,97.41,31,4.87,8,1.26,-,7,87.5
934,Robina Hospital,2021-09-01,ALL,3081,9.0,1,2195,73.58,93,3.02,235,7.63,-,202,85.96
936,Gold Coast University Hospital,2021-09-01,ALL,7765,13.0,1,5541,74.49,301,3.88,1641,21.13,-,903,55.03
99999,Queensland,2021-09-01,ALL,120767,15.0,1,88674,77.05,3938,3.26,17655,14.62,-,9436,53.45
1,Mater Hospital Brisbane Public,2021-06-01,ALL,6,1.0,1,5,83.33,0,0.0,0,0.0,-,0,
4,The Prince Charles Hospital,2021-06-01,ALL,9127,17.0,1,7196,80.58,151,1.65,989,10.84,-,621,62.79
11,Princess Alexandra Hospital,2021-06-01,ALL,48,8.0,1,39,84.78,2,4.17,1,2.08,-,1,100.0
15,Ipswich Hospital,2021-06-01,ALL,4137,18.0,1,2538,62.95,101,2.44,1262,30.51,-,803,63.63
16,Redcliffe Hospital,2021-06-01,ALL,3104,33.0,3,1707,58.26,170,5.48,309,9.95,-,123,39.81
22,Queen Elizabeth II Jubilee Hospital,2021-06-01,ALL,994,30.0,2,559,59.28,48,4.83,7,0.7,-,6,85.71
28,Redland Hospital,2021-06-01,ALL,3035,13.0,1,2262,76.65,80,2.64,472,15.55,-,272,57.63
29,Logan Hospital,2021-06-01,ALL,6779,14.0,1,4888,73.61,131,1.93,1650,24.34,-,1196,72.48
30,Caboolture Hospital,2021-06-01,ALL,2889,17.0,1,2011,74.21,158,5.47,580,20.08,-,216,37.24
32,Sunshine Coast University Hospital,2021-06-01,ALL,4586,18.0,1,3267,72.66,73,1.59,1210,26.38,-,723,59.75
41,Beaudesert Hospital,2021-06-01,ALL,829,9.0,1,752,93.53,19,2.29,18,2.17,-,4,22.22
42,Boonah Hospital,2021-06-01,ALL,170,0.0,1,166,99.4,3,1.76,2,1.18,-,2,100.0
43,Caloundra Hospital,2021-06-01,ALL,1159,24.0,2,911,86.76,14,1.21,0,0.0,-,0,
44,Esk Hospital,2021-06-01,ALL,112,0.0,1,102,99.03,4,3.57,2,1.79,-,2,100.0
45,Gatton Hospital,2021-06-01,ALL,474,3.0,1,421,94.61,15,3.16,3,0.63,-,3,100.0
46,Kilcoy Hospital,2021-06-01,ALL,142,0.0,1,132,97.78,2,1.41,2,1.41,-,1,50.0
47,Laidley Hospital,2021-06-01,ALL,401,0.0,1,350,96.15,23,5.74,3,0.75,-,3,100.0
48,Maleny Hospital,2021-06-01,ALL,155,7.0,1,148,96.1,1,0.65,1,0.65,-,1,100.0
49,Nambour Hospital,2021-06-01,ALL,1145,14.0,1,918,82.26,24,2.1,126,11.0,-,107,84.92
61,Biggenden Hospital,2021-06-01,ALL,36,0.0,1,36,100.0,0,0.0,4,11.11,-,4,100.0
62,Bundaberg Hospital,2021-06-01,ALL,1945,26.0,2,1188,64.67,99,5.09,299,15.37,-,159,53.18
63,Cherbourg Hospital,2021-06-01,ALL,338,2.0,1,312,96.3,8,2.37,21,6.21,-,19,90.48
64,Childers Hospital,2021-06-01,ALL,89,0.0,1,88,100.0,1,1.12,0,0.0,-,0,
65,Eidsvold Hospital,2021-06-01,ALL,20,0.0,1,20,100.0,0,0.0,2,10.0,-,2,100.0
66,Gayndah Hospital,2021-06-01,ALL,53,0.0,1,50,100.0,1,1.89,0,0.0,-,0,
67,Gin Gin Hospital,2021-06-01,ALL,125,10.0,1,118,96.72,3,2.4,1,0.8,-,1,100.0
68,Gympie Hospital,2021-06-01,ALL,1332,21.0,1,930,72.88,41,3.08,8,0.6,-,4,50.0
69,Hervey Bay Hospital,2021-06-01,ALL,1768,25.0,2,1081,65.83,100,5.66,218,12.33,-,84,38.53
70,Kingaroy Hospital,2021-06-01,ALL,716,30.0,2,394,62.64,58,8.1,64,8.94,-,23,35.94
71,Maryborough Hospital,2021-06-01,ALL,973,21.0,1,639,71.24,35,3.6,4,0.41,-,2,50.0
72,Monto Hospital,2021-06-01,ALL,75,0.0,1,70,94.59,0,0.0,9,12.0,-,9,100.0
74,Mundubbera Hospital,2021-06-01,ALL,49,0.0,1,48,100.0,0,0.0,3,6.12,-,3,100.0
75,Murgon Hospital,2021-06-01,ALL,187,10.0,1,162,94.74,8,4.28,4,2.14,-,3,75.0
76,Nanango Hospital,2021-06-01,ALL,160,4.5,1,144,97.3,4,2.5,2,1.25,-,2,100.0
91,Chinchilla Hospital,2021-06-01,ALL,320,1.0,1,291,99.66,10,3.13,18,5.63,-,17,94.44
92,Dalby Hospital,2021-06-01,ALL,659,28.0,2,422,67.41,26,3.95,77,11.68,-,70,90.91
93,Goondiwindi Hospital,2021-06-01,ALL,467,1.0,1,433,97.74,11,2.36,35,7.49,-,30,85.71
95,Jandowae Hospital,2021-06-01,ALL,40,0.0,1,37,100.0,0,0.0,3,7.5,-,3,100.0
97,Miles Hospital,2021-06-01,ALL,149,5.0,1,124,99.2,1,0.67,23,15.44,-,23,100.0
98,Millmerran Hospital,2021-06-01,ALL,120,0.0,1,105,98.13,1,0.83,4,3.33,-,4,100.0
99,Oakey Hospital,2021-06-01,ALL,132,2.0,1,126,99.21,2,1.52,0,0.0,-,0,
100,Stanthorpe Hospital,2021-06-01,ALL,309,6.0,1,263,94.6,11,3.56,15,4.85,-,13,86.67
101,Tara Hospital,2021-06-01,ALL,91,0.0,1,85,100.0,2,2.2,10,10.99,-,10,100.0
102,Taroom Hospital,2021-06-01,ALL,57,0.0,1,44,100.0,0,0.0,2,3.51,-,2,100.0
103,Texas Hospital,2021-06-01,ALL,50,1.0,1,49,100.0,0,0.0,4,8.0,-,3,75.0
104,Toowoomba Hospital,2021-06-01,ALL,3034,24.0,2,1798,63.07,163,5.37,567,18.69,-,252,44.44
105,Warwick Hospital,2021-06-01,ALL,941,22.0,1,638,73.5,53,5.63,58,6.16,-,26,44.83
106,Wandoan Hospital,2021-06-01,ALL,10,8.0,1,10,100.0,0,0.0,0,0.0,-,0,
112,Charleville Hospital,2021-06-01,ALL,171,0.0,1,161,99.38,2,1.17,10,5.85,-,10,100.0
113,Cunnamulla Hospital,2021-06-01,ALL,84,0.0,1,77,100.0,5,5.95,7,8.33,-,7,100.0
114,Dirranbandi Hospital,2021-06-01,ALL,22,0.0,1,22,100.0,0,0.0,1,4.55,-,1,100.0
116,Mitchell Hospital,2021-06-01,ALL,31,0.0,1,29,100.0,1,3.23,4,12.9,-,4,100.0
117,Mungindi Hospital,2021-06-01,ALL,42,0.0,1,30,100.0,0,0.0,1,2.38,-,1,100.0
118,Quilpie Hospital,2021-06-01,ALL,61,0.0,1,45,97.83,0,0.0,4,6.56,-,4,100.0
119,Roma Hospital,2021-06-01,ALL,493,12.0,1,453,98.26,20,4.06,47,9.53,-,24,51.06
120,St George Hospital,2021-06-01,ALL,258,1.0,1,243,100.0,0,0.0,21,8.14,-,21,100.0
121,Surat Hospital,2021-06-01,ALL,61,0.0,1,49,100.0,0,0.0,4,6.56,-,3,75.0
133,Biloela Hospital,2021-06-01,ALL,367,5.0,1,317,94.35,6,1.63,20,5.45,-,15,75.0
134,Blackwater Hospital,2021-06-01,ALL,259,0.0,1,248,99.2,3,1.16,12,4.63,-,7,58.33
135,Emerald Hospital,2021-06-01,ALL,807,25.0,2,521,73.07,48,5.95,76,9.42,-,59,77.63
136,Gladstone Hospital,2021-06-01,ALL,1951,15.0,1,1604,86.33,76,3.9,139,7.12,-,61,43.88
139,Mount Morgan Hospital,2021-06-01,ALL,95,5.0,1,88,97.78,0,0.0,0,0.0,-,0,
140,Moura Hospital,2021-06-01,ALL,92,0.0,1,82,98.8,0,0.0,8,8.7,-,7,87.5
141,Rockhampton Hospital,2021-06-01,ALL,2511,18.0,1,1648,70.1,80,3.19,390,15.53,-,172,44.1
142,Springsure Hospital,2021-06-01,ALL,53,0.0,1,48,100.0,0,0.0,2,3.77,-,2,100.0
144,Capricorn Coast Hospital,2021-06-01,ALL,928,14.0,1,745,85.83,26,2.8,2,0.22,-,2,100.0
145,Woorabinda Hospital,2021-06-01,ALL,168,0.0,1,164,98.8,1,0.6,9,5.36,-,8,88.89
152,Barcaldine Hospital,2021-06-01,ALL,121,0.0,1,117,99.15,1,0.83,10,8.26,-,10,100.0
153,Blackall Hospital,2021-06-01,ALL,68,0.0,1,67,100.0,0,0.0,14,20.59,-,13,92.86
156,Longreach Hospital,2021-06-01,ALL,173,5.0,1,158,98.75,1,0.58,12,6.94,-,12,100.0
159,Winton Hospital,2021-06-01,ALL,46,2.0,1,45,100.0,0,0.0,5,10.87,-,5,100.0
171,Clermont Hospital,2021-06-01,ALL,117,0.0,1,114,99.13,1,0.85,7,5.98,-,7,100.0
172,Mackay Base Hospital,2021-06-01,ALL,2638,19.0,1,2056,83.1,157,5.95,382,14.48,-,126,32.98
173,Moranbah Hospital,2021-06-01,ALL,321,0.0,1,295,100.0,5,1.56,11,3.43,-,11,100.0
174,Proserpine Hospital,2021-06-01,ALL,878,15.0,1,776,92.6,24,2.73,38,4.33,-,20,52.63
175,Sarina Hospital,2021-06-01,ALL,352,0.0,1,154,99.35,0,0.0,2,0.57,-,2,100.0
176,Dysart Hospital,2021-06-01,ALL,104,1.0,1,100,98.04,1,0.96,8,7.69,-,8,100.0
191,Ayr Hospital,2021-06-01,ALL,554,0.0,1,522,99.05,11,1.99,16,2.89,-,15,93.75
192,Bowen Hospital,2021-06-01,ALL,551,1.0,1,488,97.8,20,3.63,17,3.09,-,9,52.94
193,Charters Towers Hospital,2021-06-01,ALL,519,7.5,1,464,94.69,16,3.08,24,4.62,-,24,100.0
196,Ingham Hospital,2021-06-01,ALL,338,2.0,1,297,92.52,1,0.3,21,6.21,-,17,80.95
197,Joyce Palmer Health Service,2021-06-01,ALL,231,3.0,1,209,96.31,8,3.46,34,14.72,-,34,100.0
200,Townsville University Hospital,2021-06-01,ALL,4354,12.0,1,3451,82.07,135,3.1,792,18.19,-,386,48.74
201,Royal Brisbane & Women's Hospital,2021-06-01,ALL,697,11.0,1,651,95.04,7,1.0,12,1.72,-,11,91.67
202,Queensland Children's Hospital,2021-06-01,ALL,18015,12.0,1,15363,86.44,175,0.97,4233,23.5,-,2016,47.63
211,Atherton Hospital,2021-06-01,ALL,716,34.0,3,400,64.72,55,7.68,34,4.75,-,17,50.0
212,Babinda Hospital,2021-06-01,ALL,135,0.0,1,131,100.0,2,1.48,3,2.22,-,3,100.0
213,Bamaga Hospital,2021-06-01,ALL,366,2.0,1,351,99.72,12,3.28,12,3.28,-,12,100.0
214,Cairns Hospital,2021-06-01,ALL,3554,19.0,1,2186,65.02,164,4.61,714,20.09,-,242,33.89
216,Cooktown Hospital,2021-06-01,ALL,293,14.0,1,253,94.05,7,2.39,29,9.9,-,26,89.66
222,Innisfail Hospital,2021-06-01,ALL,688,29.0,2,444,72.2,34,4.94,70,10.17,-,55,78.57
223,Mareeba Hospital,2021-06-01,ALL,968,19.0,1,763,84.78,13,1.34,35,3.62,-,19,54.29
224,Mossman Hospital,2021-06-01,ALL,557,35.0,3,317,63.15,35,6.28,29,5.21,-,5,17.24
226,Thursday Island Hospital,2021-06-01,ALL,344,5.0,1,311,99.36,2,0.58,32,9.3,-,29,90.63
227,Tully Hospital,2021-06-01,ALL,394,0.0,1,339,91.62,6,1.52,18,4.57,-,14,77.78
228,Weipa Hospital,2021-06-01,ALL,439,18.0,1,394,93.36,7,1.59,32,7.29,-,32,100.0
243,Cloncurry Hospital,2021-06-01,ALL,231,6.0,1,195,94.2,7,3.03,25,10.82,-,24,96.0
245,Julia Creek Hospital,2021-06-01,ALL,40,0.0,1,37,100.0,0,0.0,0,0.0,-,0,
246,Mount Isa Base Hospital,2021-06-01,ALL,1462,23.0,2,951,72.65,71,4.86,174,11.9,-,95,54.6
247,Normanton Hospital,2021-06-01,ALL,140,0.0,1,134,97.81,3,2.14,11,7.86,-,9,81.82
249,Mornington Island Hospital,2021-06-01,ALL,208,0.0,1,191,99.48,3,1.44,3,1.44,-,3,100.0
252,Doomadgee Hospital,2021-06-01,ALL,478,1.5,1,442,100.0,19,3.97,13,2.72,-,12,92.31
934,Robina Hospital,2021-06-01,ALL,2719,12.0,1,1794,68.87,113,4.16,205,7.54,-,162,79.02
936,Gold Coast University Hospital,2021-06-01,ALL,7734,15.0,1,5173,70.2,343,4.43,1749,22.61,-,1085,62.04
99999,Queensland,2021-06-01,ALL,113534,14.0,1,84784,78.18,3384,2.98,17675,15.57,-,9830,55.62
1,Mater Hospital Brisbane Public,2021-03-01,ALL,1,0.0,1,1,100.0,0,0.0,0,0.0,-,0,
4,The Prince Charles Hospital,2021-03-01,ALL,9981,20.0,1,7361,76.02,256,2.56,1058,10.6,-,657,62.1
11,Princess Alexandra Hospital,2021-03-01,ALL,40,6.0,1,36,92.31,1,2.5,0,0.0,-,0,
15,Ipswich Hospital,2021-03-01,ALL,4327,21.0,1,2376,57.36,183,4.23,1345,31.08,-,782,58.14
16,Redcliffe Hospital,2021-03-01,ALL,3660,31.0,3,2059,60.63,260,7.1,392,10.71,-,114,29.08
22,Queen Elizabeth II Jubilee Hospital,2021-03-01,ALL,1046,28.0,2,584,59.41,63,6.02,9,0.86,-,3,33.33
28,Redland Hospital,2021-03-01,ALL,3268,14.0,1,2353,74.63,110,3.37,531,16.25,-,302,56.87
29,Logan Hospital,2021-03-01,ALL,7290,18.0,1,4600,65.15,221,3.03,1951,26.76,-,1294,66.32
30,Caboolture Hospital,2021-03-01,ALL,3319,20.0,1,2048,66.41,216,6.51,671,20.22,-,242,36.07
32,Sunshine Coast University Hospital,2021-03-01,ALL,5087,23.0,2,3150,64.1,155,3.05,1365,26.83,-,719,52.67
41,Beaudesert Hospital,2021-03-01,ALL,866,9.0,1,762,91.04,28,3.23,11,1.27,-,7,63.64
42,Boonah Hospital,2021-03-01,ALL,182,0.0,1,174,99.43,5,2.75,11,6.04,-,10,90.91
43,Caloundra Hospital,2021-03-01,ALL,1161,27.0,2,885,85.42,17,1.46,0,0.0,-,0,
44,Esk Hospital,2021-03-01,ALL,137,0.0,1,132,97.78,2,1.46,12,8.76,-,10,83.33
45,Gatton Hospital,2021-03-01,ALL,410,0.0,1,384,97.96,7,1.71,3,0.73,-,3,100.0
46,Kilcoy Hospital,2021-03-01,ALL,159,2.0,1,146,94.19,2,1.26,3,1.89,-,3,100.0
47,Laidley Hospital,2021-03-01,ALL,391,0.0,1,339,94.69,26,6.65,10,2.56,-,9,90.0
48,Maleny Hospital,2021-03-01,ALL,163,5.0,1,147,93.04,5,3.07,0,0.0,-,0,
49,Nambour Hospital,2021-03-01,ALL,1342,15.0,1,1080,83.14,32,2.38,121,9.02,-,91,75.21
61,Biggenden Hospital,2021-03-01,ALL,39,0.0,1,39,100.0,0,0.0,2,5.13,-,2,100.0
62,Bundaberg Hospital,2021-03-01,ALL,2112,28.0,2,1237,63.34,147,6.96,295,13.97,-,125,42.37
63,Cherbourg Hospital,2021-03-01,ALL,362,2.0,1,313,94.56,17,4.7,28,7.73,-,27,96.43
64,Childers Hospital,2021-03-01,ALL,138,0.0,1,136,100.0,0,0.0,6,4.35,-,6,100.0
65,Eidsvold Hospital,2021-03-01,ALL,30,0.0,1,30,100.0,0,0.0,2,6.67,-,2,100.0
66,Gayndah Hospital,2021-03-01,ALL,59,0.0,1,54,100.0,0,0.0,1,1.69,-,1,100.0
67,Gin Gin Hospital,2021-03-01,ALL,120,5.0,1,117,99.15,1,0.83,4,3.33,-,4,100.0
68,Gympie Hospital,2021-03-01,ALL,1618,18.0,1,1148,76.28,81,5.01,11,0.68,-,7,63.64
69,Hervey Bay Hospital,2021-03-01,ALL,2033,21.0,1,1398,72.32,79,3.89,223,10.97,-,68,30.49
70,Kingaroy Hospital,2021-03-01,ALL,878,21.0,1,552,70.86,78,8.88,47,5.35,-,11,23.4
71,Maryborough Hospital,2021-03-01,ALL,1101,20.0,1,755,74.17,33,3.0,1,0.09,-,1,100.0
72,Monto Hospital,2021-03-01,ALL,77,0.0,1,72,100.0,1,1.3,6,7.79,-,6,100.0
74,Mundubbera Hospital,2021-03-01,ALL,36,0.0,1,35,100.0,0,0.0,2,5.56,-,2,100.0
75,Murgon Hospital,2021-03-01,ALL,187,2.0,1,171,97.16,6,3.21,5,2.67,-,5,100.0
76,Nanango Hospital,2021-03-01,ALL,171,3.0,1,146,95.42,0,0.0,0,0.0,-,0,
91,Chinchilla Hospital,2021-03-01,ALL,449,1.0,1,399,96.61,11,2.45,29,6.46,-,26,89.66
92,Dalby Hospital,2021-03-01,ALL,832,28.0,2,550,71.15,49,5.89,91,10.94,-,89,97.8
93,Goondiwindi Hospital,2021-03-01,ALL,510,0.0,1,479,98.56,8,1.57,43,8.43,-,38,88.37
95,Jandowae Hospital,2021-03-01,ALL,60,0.0,1,54,100.0,0,0.0,5,8.33,-,5,100.0
97,Miles Hospital,2021-03-01,ALL,165,0.0,1,140,99.29,0,0.0,24,14.55,-,24,100.0
98,Millmerran Hospital,2021-03-01,ALL,155,0.0,1,138,97.87,0,0.0,4,2.58,-,3,75.0
99,Oakey Hospital,2021-03-01,ALL,181,0.0,1,166,96.51,1,0.55,2,1.1,-,2,100.0
100,Stanthorpe Hospital,2021-03-01,ALL,297,3.5,1,255,93.75,4,1.35,20,6.73,-,16,80.0
101,Tara Hospital,2021-03-01,ALL,125,0.0,1,112,99.12,0,0.0,7,5.6,-,7,100.0
102,Taroom Hospital,2021-03-01,ALL,49,0.0,1,41,100.0,0,0.0,2,4.08,-,2,100.0
103,Texas Hospital,2021-03-01,ALL,53,5.0,1,50,98.04,0,0.0,1,1.89,-,1,100.0
104,Toowoomba Hospital,2021-03-01,ALL,3438,24.0,2,2097,64.23,158,4.6,730,21.23,-,331,45.34
105,Warwick Hospital,2021-03-01,ALL,1071,23.0,2,700,70.49,63,5.88,62,5.79,-,30,48.39
106,Wandoan Hospital,2021-03-01,ALL,8,0.0,1,8,100.0,0,0.0,0,0.0,-,0,
112,Charleville Hospital,2021-03-01,ALL,202,0.0,1,192,100.0,4,1.98,21,10.4,-,19,90.48
113,Cunnamulla Hospital,2021-03-01,ALL,74,0.0,1,67,98.53,3,4.05,6,8.11,-,5,83.33
114,Dirranbandi Hospital,2021-03-01,ALL,52,0.0,1,45,100.0,0,0.0,3,5.77,-,3,100.0
116,Mitchell Hospital,2021-03-01,ALL,41,0.0,1,38,100.0,0,0.0,2,4.88,-,2,100.0
117,Mungindi Hospital,2021-03-01,ALL,41,0.0,1,39,100.0,0,0.0,1,2.44,-,1,100.0
118,Quilpie Hospital,2021-03-01,ALL,48,0.0,1,41,100.0,0,0.0,3,6.25,-,3,100.0
119,Roma Hospital,2021-03-01,ALL,456,15.0,1,422,99.29,23,5.04,30,6.58,-,16,53.33
120,St George Hospital,2021-03-01,ALL,274,1.0,1,256,100.0,2,0.73,23,8.39,-,22,95.65
121,Surat Hospital,2021-03-01,ALL,42,0.0,1,40,100.0,0,0.0,4,9.52,-,4,100.0
133,Biloela Hospital,2021-03-01,ALL,366,8.0,1,311,93.39,9,2.46,15,4.1,-,12,80.0
134,Blackwater Hospital,2021-03-01,ALL,266,1.5,1,257,99.61,2,0.75,9,3.38,-,5,55.56
135,Emerald Hospital,2021-03-01,ALL,914,27.0,2,589,71.48,52,5.69,66,7.22,-,45,68.18
136,Gladstone Hospital,2021-03-01,ALL,2023,19.0,1,1418,75.07,118,5.83,173,8.55,-,57,32.95
139,Mount Morgan Hospital,2021-03-01,ALL,145,0.0,1,138,99.28,1,0.69,0,0.0,-,0,
140,Moura Hospital,2021-03-01,ALL,94,0.0,1,85,98.84,0,0.0,1,1.06,-,0,0.0
141,Rockhampton Hospital,2021-03-01,ALL,2960,21.0,1,1759,64.98,158,5.34,456,15.41,-,162,35.53
142,Springsure Hospital,2021-03-01,ALL,99,0.0,1,84,98.82,0,0.0,7,7.07,-,7,100.0
144,Capricorn Coast Hospital,2021-03-01,ALL,1120,14.0,1,860,85.49,64,5.71,1,0.09,-,1,100.0
145,Woorabinda Hospital,2021-03-01,ALL,220,0.0,1,191,96.46,2,0.91,8,3.64,-,7,87.5
152,Barcaldine Hospital,2021-03-01,ALL,69,0.0,1,68,100.0,0,0.0,6,8.7,-,5,83.33
153,Blackall Hospital,2021-03-01,ALL,63,0.0,1,61,98.39,1,1.59,12,19.05,-,11,91.67
156,Longreach Hospital,2021-03-01,ALL,182,2.0,1,169,99.41,2,1.1,15,8.24,-,13,86.67
159,Winton Hospital,2021-03-01,ALL,58,0.0,1,57,100.0,0,0.0,4,6.9,-,3,75.0
171,Clermont Hospital,2021-03-01,ALL,141,0.0,1,135,99.26,3,2.13,3,2.13,-,3,100.0
172,Mackay Base Hospital,2021-03-01,ALL,2636,18.0,1,2062,82.05,111,4.21,396,15.02,-,110,27.78
173,Moranbah Hospital,2021-03-01,ALL,342,0.0,1,293,99.32,9,2.63,9,2.63,-,9,100.0
174,Proserpine Hospital,2021-03-01,ALL,940,16.0,1,785,87.22,33,3.51,41,4.36,-,17,41.46
175,Sarina Hospital,2021-03-01,ALL,324,0.0,1,160,100.0,0,0.0,0,0.0,-,0,
176,Dysart Hospital,2021-03-01,ALL,117,0.0,1,112,97.39,1,0.85,9,7.69,-,9,100.0
191,Ayr Hospital,2021-03-01,ALL,521,0.0,1,506,99.41,4,0.77,15,2.88,-,12,80.0
192,Bowen Hospital,2021-03-01,ALL,575,1.0,1,508,97.88,20,3.48,24,4.17,-,16,66.67
193,Charters Towers Hospital,2021-03-01,ALL,514,8.0,1,459,93.1,14,2.72,30,5.84,-,30,100.0
196,Ingham Hospital,2021-03-01,ALL,278,0.0,1,242,95.28,6,2.16,25,8.99,-,22,88.0
197,Joyce Palmer Health Service,2021-03-01,ALL,367,2.0,1,331,95.39,11,3.0,41,11.17,-,41,100.0
200,Townsville University Hospital,2021-03-01,ALL,4312,13.0,1,3376,81.21,142,3.29,709,16.44,-,328,46.26
201,Royal Brisbane & Women's Hospital,2021-03-01,ALL,955,11.0,1,908,96.29,4,0.42,14,1.47,-,11,78.57
202,Queensland Children's Hospital,2021-03-01,ALL,18818,13.0,1,15571,84.55,299,1.59,4085,21.71,-,1795,43.94
211,Atherton Hospital,2021-03-01,ALL,830,25.0,2,554,72.8,40,4.82,46,5.54,-,29,63.04
212,Babinda Hospital,2021-03-01,ALL,165,0.0,1,150,100.0,3,1.82,4,2.42,-,4,100.0
213,Bamaga Hospital,2021-03-01,ALL,413,2.0,1,402,99.75,5,1.21,16,3.87,-,16,100.0
214,Cairns Hospital,2021-03-01,ALL,4178,19.0,1,2648,67.16,214,5.12,758,18.14,-,224,29.55
216,Cooktown Hospital,2021-03-01,ALL,259,15.0,1,211,89.03,6,2.32,34,13.13,-,33,97.06
222,Innisfail Hospital,2021-03-01,ALL,799,27.0,2,527,72.99,48,6.01,71,8.89,-,55,77.46
223,Mareeba Hospital,2021-03-01,ALL,1219,17.0,1,985,85.06,27,2.21,36,2.95,-,27,75.0
224,Mossman Hospital,2021-03-01,ALL,553,36.0,3,331,65.16,31,5.61,13,2.35,-,2,15.38
226,Thursday Island Hospital,2021-03-01,ALL,412,5.0,1,380,98.7,5,1.21,32,7.77,-,26,81.25
227,Tully Hospital,2021-03-01,ALL,397,0.0,1,337,89.15,4,1.01,6,1.51,-,3,50.0
228,Weipa Hospital,2021-03-01,ALL,583,20.0,1,474,86.65,10,1.72,40,6.86,-,36,90.0
243,Cloncurry Hospital,2021-03-01,ALL,210,5.0,1,183,96.32,8,3.81,29,13.81,-,27,93.1
245,Julia Creek Hospital,2021-03-01,ALL,41,0.0,1,39,100.0,0,0.0,0,0.0,-,0,
246,Mount Isa Base Hospital,2021-03-01,ALL,1744,25.0,2,1118,72.32,102,5.85,190,10.89,-,89,46.84
247,Normanton Hospital,2021-03-01,ALL,131,0.0,1,123,100.0,4,3.05,12,9.16,-,12,100.0
249,Mornington Island Hospital,2021-03-01,ALL,261,2.0,1,232,99.57,4,1.53,3,1.15,-,2,66.67
252,Doomadgee Hospital,2021-03-01,ALL,543,2.0,1,497,98.81,15,2.76,10,1.84,-,8,80.0
934,Robina Hospital,2021-03-01,ALL,3217,10.0,1,2139,69.65,135,4.2,228,7.09,-,186,81.58
936,Gold Coast University Hospital,2021-03-01,ALL,8727,17.0,1,5298,65.01,547,6.27,1760,20.17,-,1032,58.64
99999,Queensland,2021-03-01,ALL,124515,16.0,1,89272,75.6,4632,3.72,18701,15.02,-,9704,51.89
